/*
Navicat MySQL Data Transfer

Source Server         : localhost
Source Server Version : 50141
Source Host           : localhost:3306
Source Database       : realbts

Target Server Type    : MYSQL
Target Server Version : 50141
File Encoding         : 65001

Date: 2011-07-17 20:30:23
*/

SET FOREIGN_KEY_CHECKS=0;
-- ----------------------------
-- Table structure for `authorization`
-- ----------------------------
DROP TABLE IF EXISTS `authorization`;
CREATE TABLE `authorization` (
  `auth_id` int(10) unsigned NOT NULL AUTO_INCREMENT,
  `role_id` int(10) unsigned NOT NULL,
  `rightname` varchar(100) NOT NULL,
  `action` varchar(50) NOT NULL,
  PRIMARY KEY (`auth_id`),
  KEY `IDX_UNQ_authorize_name` (`role_id`) USING BTREE,
  CONSTRAINT `FK_auth_role_id` FOREIGN KEY (`role_id`) REFERENCES `role` (`role_id`)
) ENGINE=InnoDB AUTO_INCREMENT=71 DEFAULT CHARSET=tis620;

-- ----------------------------
-- Records of authorization
-- ----------------------------
INSERT INTO `authorization` VALUES ('1', '1', 'Administrator.aspx', '*');
INSERT INTO `authorization` VALUES ('2', '1', 'BranchManage.aspx', '*');
INSERT INTO `authorization` VALUES ('3', '1', 'CourseManage.aspx', '*');
INSERT INTO `authorization` VALUES ('4', '1', 'Default.aspx', '*');
INSERT INTO `authorization` VALUES ('5', '1', 'Home.aspx', '*');
INSERT INTO `authorization` VALUES ('6', '1', 'PaidGroupManage.aspx', '*');
INSERT INTO `authorization` VALUES ('7', '1', 'PaymentManage.aspx', '*');
INSERT INTO `authorization` VALUES ('8', '1', 'PromotionManage.aspx', '*');
INSERT INTO `authorization` VALUES ('9', '1', 'RegisterCourse.aspx', '*');
INSERT INTO `authorization` VALUES ('10', '1', 'RegistrationManage.aspx', '*');
INSERT INTO `authorization` VALUES ('11', '1', 'ReportDailyRegistration.aspx', '*');
INSERT INTO `authorization` VALUES ('12', '1', 'ReportRegis.aspx', '*');
INSERT INTO `authorization` VALUES ('13', '1', 'RoomManage.aspx', '*');
INSERT INTO `authorization` VALUES ('14', '1', 'StudentManage.aspx', '*');
INSERT INTO `authorization` VALUES ('15', '1', 'TeacherManage.aspx', '*');
INSERT INTO `authorization` VALUES ('16', '2', 'Administrator.aspx', 'default');
INSERT INTO `authorization` VALUES ('17', '2', 'Administrator.aspx', 'list');
INSERT INTO `authorization` VALUES ('18', '2', 'BranchManage.aspx', 'default');
INSERT INTO `authorization` VALUES ('19', '2', 'BranchManage.aspx', 'list');
INSERT INTO `authorization` VALUES ('20', '2', 'CourseManage.aspx', 'default');
INSERT INTO `authorization` VALUES ('21', '2', 'CourseManage.aspx', 'list');
INSERT INTO `authorization` VALUES ('22', '2', 'Default.aspx', '*');
INSERT INTO `authorization` VALUES ('23', '2', 'Home.aspx', '*');
INSERT INTO `authorization` VALUES ('24', '2', 'PaidGroupManage.aspx', 'default');
INSERT INTO `authorization` VALUES ('25', '2', 'PaidGroupManage.aspx', 'list');
INSERT INTO `authorization` VALUES ('26', '2', 'PaymentManage.aspx', '*');
INSERT INTO `authorization` VALUES ('27', '2', 'PromotionManage.aspx', 'default');
INSERT INTO `authorization` VALUES ('28', '2', 'PromotionManage.aspx', 'list');
INSERT INTO `authorization` VALUES ('29', '2', 'RegisterCourse.aspx', '*');
INSERT INTO `authorization` VALUES ('30', '2', 'RegistrationManage.aspx', 'default');
INSERT INTO `authorization` VALUES ('31', '2', 'RegistrationManage.aspx', 'list');
INSERT INTO `authorization` VALUES ('32', '2', 'RegistrationManage.aspx', 'init_print_card');
INSERT INTO `authorization` VALUES ('33', '2', 'RegistrationManage.aspx', 'init_print_receipt');
INSERT INTO `authorization` VALUES ('34', '2', 'RegistrationManage.aspx', 'init_print_all');
INSERT INTO `authorization` VALUES ('35', '2', 'ReportDailyRegistration.aspx', '*');
INSERT INTO `authorization` VALUES ('36', '2', 'ReportRegis.aspx', '*');
INSERT INTO `authorization` VALUES ('37', '2', 'RoomManage.aspx', 'default');
INSERT INTO `authorization` VALUES ('38', '2', 'RoomManage.aspx', 'list');
INSERT INTO `authorization` VALUES ('39', '2', 'StudentManage.aspx', 'default');
INSERT INTO `authorization` VALUES ('40', '2', 'StudentManage.aspx', 'list');
INSERT INTO `authorization` VALUES ('41', '2', 'StudentManage.aspx', 'add');
INSERT INTO `authorization` VALUES ('42', '2', 'StudentManage.aspx', 'edit');
INSERT INTO `authorization` VALUES ('43', '2', 'StudentManage.aspx', 'view');
INSERT INTO `authorization` VALUES ('44', '2', 'TeacherManage.aspx', 'default');
INSERT INTO `authorization` VALUES ('45', '2', 'TeacherManage.aspx', 'list');
INSERT INTO `authorization` VALUES ('46', '3', 'Administrator.aspx', 'default');
INSERT INTO `authorization` VALUES ('47', '3', 'Administrator.aspx', 'list');
INSERT INTO `authorization` VALUES ('48', '3', 'BranchManage.aspx', 'default');
INSERT INTO `authorization` VALUES ('49', '3', 'BranchManage.aspx', 'list');
INSERT INTO `authorization` VALUES ('50', '3', 'CourseManage.aspx', 'default');
INSERT INTO `authorization` VALUES ('51', '3', 'CourseManage.aspx', 'list');
INSERT INTO `authorization` VALUES ('52', '3', 'Default.aspx', '*');
INSERT INTO `authorization` VALUES ('53', '3', 'Home.aspx', '*');
INSERT INTO `authorization` VALUES ('54', '3', 'PromotionManage.aspx', 'default');
INSERT INTO `authorization` VALUES ('55', '3', 'PromotionManage.aspx', 'list');
INSERT INTO `authorization` VALUES ('56', '3', 'RegisterCourse.aspx', '*');
INSERT INTO `authorization` VALUES ('57', '3', 'RegistrationManage.aspx', 'default');
INSERT INTO `authorization` VALUES ('58', '3', 'RegistrationManage.aspx', 'list');
INSERT INTO `authorization` VALUES ('59', '3', 'RegistrationManage.aspx', 'init_print_card');
INSERT INTO `authorization` VALUES ('60', '3', 'RegistrationManage.aspx', 'init_print_receipt');
INSERT INTO `authorization` VALUES ('61', '3', 'RegistrationManage.aspx', 'init_print_all');
INSERT INTO `authorization` VALUES ('62', '3', 'RoomManage.aspx', 'default');
INSERT INTO `authorization` VALUES ('63', '3', 'RoomManage.aspx', 'list');
INSERT INTO `authorization` VALUES ('64', '3', 'StudentManage.aspx', 'default');
INSERT INTO `authorization` VALUES ('65', '3', 'StudentManage.aspx', 'list');
INSERT INTO `authorization` VALUES ('66', '3', 'StudentManage.aspx', 'add');
INSERT INTO `authorization` VALUES ('67', '3', 'StudentManage.aspx', 'edit');
INSERT INTO `authorization` VALUES ('68', '3', 'StudentManage.aspx', 'view');
INSERT INTO `authorization` VALUES ('69', '3', 'TeacherManage.aspx', 'default');
INSERT INTO `authorization` VALUES ('70', '3', 'TeacherManage.aspx', 'list');

-- ----------------------------
-- Table structure for `branch`
-- ----------------------------
DROP TABLE IF EXISTS `branch`;
CREATE TABLE `branch` (
  `branch_id` int(10) unsigned NOT NULL AUTO_INCREMENT,
  `branch_name` varchar(100) NOT NULL,
  `address` varchar(200) NOT NULL,
  `tel` varchar(45) NOT NULL,
  `supervisor` varchar(100) NOT NULL,
  `img` varchar(50) NOT NULL DEFAULT 'noimg.jpg',
  `branch_code` varchar(10) NOT NULL DEFAULT 'noimg.jpg',
  PRIMARY KEY (`branch_id`)
) ENGINE=InnoDB AUTO_INCREMENT=3 DEFAULT CHARSET=tis620 PACK_KEYS=1;

-- ----------------------------
-- Records of branch
-- ----------------------------
INSERT INTO `branch` VALUES ('1', 'BTS สีลม', 'อ.ธนิยะ ถ.สีลม', ' 02 - 632 - 9884-5 Fax:. 02 - 632 - 9965', ' นายสมชาย แซ่แต้', '62232900.jpg', 'SL');
INSERT INTO `branch` VALUES ('2', 'BTS สยาม', 'สยามแสควร์ ซ.2', '02 - 632 - 9884-5 Fax:. 02 - 632 - 9965', ' นางสมจิต แซ่ยาว', '488588370.jpg', 'SM');

-- ----------------------------
-- Table structure for `btsconfig`
-- ----------------------------
DROP TABLE IF EXISTS `btsconfig`;
CREATE TABLE `btsconfig` (
  `name` varchar(50) NOT NULL,
  `value` varchar(1000) CHARACTER SET latin1 DEFAULT NULL,
  PRIMARY KEY (`name`)
) ENGINE=InnoDB DEFAULT CHARSET=tis620;

-- ----------------------------
-- Records of btsconfig
-- ----------------------------
INSERT INTO `btsconfig` VALUES ('LOG_SEVERITY', 'INFO');

-- ----------------------------
-- Table structure for `course`
-- ----------------------------
DROP TABLE IF EXISTS `course`;
CREATE TABLE `course` (
  `course_id` int(10) unsigned NOT NULL AUTO_INCREMENT,
  `bts_course_id` varchar(50) NOT NULL,
  `course_name` varchar(100) NOT NULL,
  `short_name` varchar(50) NOT NULL,
  `course_desc` varchar(1000) NOT NULL,
  `room_id` int(10) unsigned NOT NULL,
  `teacher_id` int(10) unsigned NOT NULL,
  `paid_group_id` int(10) unsigned NOT NULL,
  `category` varchar(50) NOT NULL,
  `start_date` date DEFAULT '2010-08-20',
  `end_date` date DEFAULT '2010-08-29',
  `open_time` varchar(50) NOT NULL,
  `day_of_week` varchar(50) NOT NULL COMMENT 'Mon,Tue,Wed,Thu,Fri,Sat,Sun',
  `cost` int(10) unsigned NOT NULL DEFAULT '0',
  `seat_limit` int(11) NOT NULL DEFAULT '40',
  `bank_regis_limit` int(11) NOT NULL DEFAULT '30',
  `image` varchar(50) DEFAULT NULL,
  `is_active` int(4) NOT NULL DEFAULT '1',
  `is_paid` int(11) NOT NULL DEFAULT '0' COMMENT '0=notpaid 1=paid',
  PRIMARY KEY (`course_id`)
) ENGINE=InnoDB AUTO_INCREMENT=60 DEFAULT CHARSET=tis620;

-- ----------------------------
-- Records of course
-- ----------------------------
INSERT INTO `course` VALUES ('1', 'BTS5112', 'BEST  SME - M. 1/1', '', 'คอร์สกวดเข้มวิทย์-คณิต-อังกฤษ ม.1 เทอม1\r\nสอนโดยทีมอาจารย์ The BTS', '11', '10', '8', 'ETC', '2010-06-12', '2010-09-11', '08:00-12:00', 'Sat', '5000', '13', '0', 'noimg.jpg', '1', '0');
INSERT INTO `course` VALUES ('2', 'BTS5213', 'BEST SME - M. 2/1', '', 'คอร์สกวดเข้มวิทย์-คณิต-อังกฤษ ม.2 เทอม1\r\nสอนโดยทีมอาจารย์ The BTS', '2', '10', '8', 'ETC', '2010-06-12', '2010-09-11', '08:00-12:00', 'Sat', '5000', '27', '0', 'noimg.jpg', '1', '0');
INSERT INTO `course` VALUES ('3', 'BTS5315', 'BEST SME  M. 3/2', '', 'คอร์สกวดเข้มวิทย์-คณิต-อังกฤษ ม.3 เทอม2\r\nสอนโดยทีมอาจารย์ The BTS', '1', '10', '8', 'ETC', '2010-06-12', '2010-09-12', '08:00-12:00', 'จ.-ศ.', '5000', '25', '0', 'noimg.jpg', '1', '0');
INSERT INTO `course` VALUES ('4', 'BTS6111', 'BEST MWIT  (รอบที่ 1)', '', 'คอร์สกวดเข้มเข้ามหิดลวิทย์ฯ จะใช้ในทุกเนื้อหาในการสอบคัดเลือกเข้า ร.ร.มหิดลวิทยานุสรณ์ (คณิตศาสตร์-วิทยาศาสตร์) โดยทีมอาจารย์ The BTS', '2', '17', '9', 'ETC', '2010-06-12', '2010-09-18', '13:15-17:30', 'Sat', '5500', '30', '0', 'noimg.jpg', '1', '0');
INSERT INTO `course` VALUES ('5', 'BTS6112', 'BEST MWIT (รอบที่ 2)', '', 'คอร์สกวดเข้มเข้ามหิดลวิทย์ฯ จะใช้ในทุกเนื้อหาในการสอบคัดเลือกเข้า ร.ร.มหิดลวิทยานุสรณ์ (คณิตศาสตร์-วิทยาศาสตร์) โดยทีมอาจารย์ The BTS ', '2', '17', '9', 'ETC', '2010-06-13', '2010-09-19', '08:15-12:30', 'Sun', '5500', '27', '0', 'noimg.jpg', '1', '0');
INSERT INTO `course` VALUES ('6', 'BTS6113', 'BEST MWIT (รอบที่ 3)', '', 'คอร์สกวดเข้มเข้ามหิดลวิทย์ฯ จะใช้ในทุกเนื้อหาในการสอบคัดเลือกเข้า ร.ร.มหิดลวิทยานุสรณ์ (คณิตศาสตร์-วิทยาศาสตร์) โดยทีมอาจารย์ The BTS', '2', '17', '9', 'ETC', '2010-06-13', '2010-09-19', '13:15-17:30', 'Sun', '5500', '27', '0', 'noimg.jpg', '1', '0');
INSERT INTO `course` VALUES ('7', 'BTS2103', 'พืชคณิตคิดสนุก', '', 'คอร์สพืชคณิตคิดสนุก จะปูพื้นฐานเรื่องพืชคณิตในระดับมัธยมศึกษาตอนต้นทั้งหมด โดยผู้สอน อ.ไมตรี ศรีทองแท้ (ผู้ดูแลนักเรียนความสามารถพิศษทางด้านคณิตศาสตร์ Gifted และผู้ติวนักเรียนโอลิมปิก ร.ร.เตรียมอุดมศึกษา)', '3', '2', '1', 'MTH', '2010-06-05', '2010-09-11', '13:30-15:30', 'Sat', '5000', '40', '0', 'noimg.jpg', '1', '0');
INSERT INTO `course` VALUES ('8', 'BTS2123', 'เรขาคณิตคิดไม่ยาก', '', 'คอร์สเรขาคณิตคิดไม่ยาก จะปูพื้นฐานเรื่องพืชคณิตในระดับมัธยมศึกษาตอนต้นทั้งหมด โดยผู้สอน อ.ไมตรี ศรีทองแท้ (ผู้ดูแลนักเรียนความสามารถพิศษทางด้านคณิตศาสตร์ Gifted และผู้ติวนักเรียนโอลิมปิก ร.ร.เตรียมอุดมศึกษา)', '3', '2', '1', 'MTH', '2010-06-05', '2010-09-11', '15:30-17:30', 'Sat', '5000', '40', '0', 'noimg.jpg', '1', '0');
INSERT INTO `course` VALUES ('9', 'BTS6801', 'BEST TRIAM-SPECIAL (รอบที่ 1)', '', 'คอร์สกวดเข้มเข้าเตรียมอุดมศึกษา (ห้องคัดพิเศษ) เรียนครบทุกวิชาที่จะใช้สอบเข้าเตรียมอุดมศึกษา สอนโดยทีมอาจารย์ The BTS', '3', '17', '9', 'ETC', '2010-06-12', '2010-09-18', '08:00-12:30', 'Sat', '13500', '40', '0', 'noimg.jpg', '1', '0');
INSERT INTO `course` VALUES ('10', 'BTS6803', 'BEST TRIAM-SPECIAL (รอบที่ 2)', '', 'คอร์สกวดเข้มเข้าเตรียมอุดมศึกษา (ห้องคัดพิเศษ) เรียนครบทุกวิชาที่จะใช้สอบเข้าเตรียมอุดมศึกษา สอนโดยทีมอาจารย์ The BTS', '1', '17', '9', 'ETC', '2010-06-13', '2010-09-19', '08:00-12:30', 'Sun', '13500', '40', '0', 'noimg.jpg', '1', '0');
INSERT INTO `course` VALUES ('11', 'BTS6811', 'คณิตศาสตร์ (สรุปเนื้อหา+โจทย์) กวดเข้าม.4', 'คณิตกวดเข้าม.4', 'อ.บัณฑิตย์', '4', '1', '2', 'THAI', '2010-06-12', '2010-09-18', '10:00-12:00', 'Sat', '4000', '20', '0', 'noimg.jpg', '1', '0');
INSERT INTO `course` VALUES ('12', 'BTS2531', 'ฟิสิกส์ (สรุปเนื้อหา+โจทย์) กวดเข้าม.4 ', 'ฟิสิกส์กวดม.4', '', '4', '5', '4', 'ETC', '2010-06-13', '2010-09-19', '10:00-12:00', 'Mon', '4000', '20', '0', 'noimg.jpg', '1', '0');
INSERT INTO `course` VALUES ('13', 'BTS3181', 'สังคมศึกษา (สรุปเนื้อหา+โจทย์) กวดเข้าเตรียมอุดมฯ ', 'สังคมเตรียมอุดม', '', '1', '8', '6', 'ETC', '2010-06-09', '2010-09-15', '17:00-19:00', 'Wed', '4000', '27', '0', 'noimg.jpg', '1', '0');
INSERT INTO `course` VALUES ('14', 'BTS2611', 'ตะลุยโจทย์คณิตศาสตร์เข้าเตรียมฯ', 'คณิตเข้าเตรียม', '', '1', '1', '2', 'THAI', '2010-06-08', '2010-09-14', '17:00-19:00', 'Tue', '5000', '20', '0', 'noimg.jpg', '1', '0');
INSERT INTO `course` VALUES ('15', 'BTS3503', 'สังคมสำหรับเตรียมสอบแพทย์และ O-NET', 'สังคมแพทย์O-NET', 'คอร์สสังคมสำหรับเตรียมสอบแพทย์ และ O-NET จะได้เรียนเนื้อหาครบทุกเรื่องที่ใช้สอบและฝึกทำโจทย์เก่าย้อนหลัง โดยผู้สอน อ.สุทัศน์ ภูมิรัตนจรินทร์, อ.วันชนะ หมั่นงาน', '1', '8', '6', 'ETC', '2010-06-05', '2010-09-11', '15:30-17:30', 'Sat', '5000', '25', '0', 'noimg.jpg', '1', '0');
INSERT INTO `course` VALUES ('16', 'BTS3504', 'สังคมสำหรับเตรียมสอบแพทย์และ O-NET', 'สังคมแพทย์O-NET', 'คอร์สสังคมสำหรับเตรียมสอบแพทย์ และ O-NET จะได้เรียนเนื้อหาครบทุกเรื่องที่ใช้สอบและฝึกทำโจทย์เก่าย้อนหลัง โดยผู้สอน อ.สุทัศน์ ภูมิรัตนจรินทร์, อ.วันชนะ หมั่นงาน', '1', '8', '6', 'ETC', '2010-10-24', '2010-12-25', '15:30-17:30', 'Sat', '5000', '25', '0', 'noimg.jpg', '1', '0');
INSERT INTO `course` VALUES ('17', 'BTS3505', 'ความรู้พื้นฐานทางสังคมศาสตร์ (ภาษาไทย-สังคมศึกษา)', 'พฐ.สังคม-ไทย', 'คอร์สความรู้พื้นฐานทางสังคมศาสตร์ (ภาษาไทย-สังคมศึกษา) สรุปเนื้อหาสั้นๆ และฝึกทำแนวสอบตรงจุฬาฯ โดยผู้สอน อ.วันชนะ หมั่นงาน (อดีตอาจารย์พิเศษ ร.ร.เตรียมอุดมศึกษา) และอ.รักษ์พงศ์ ธรรมผุสนา (อักษรศาสตร์บัณฑิต', '1', '8', '6', 'THAI', '2010-06-05', '2010-09-11', '13:00-17:00', 'Sat', '3000', '100', '0', 'noimg.jpg', '1', '0');
INSERT INTO `course` VALUES ('18', 'BTS1124', 'DTL-Law', '', 'คอร์สติวเข้มสอบตรงนิติศาสตร์ ซึ่งจะได้เรียนทุกวิชาที่ใช้ในการสอบตรงนิติศาสตร์ ธรรมศาสตร์ ไม่ว่าจะเป็นในส่วนของวิชากฏหมายพื้นฐาน วิชาความถนัดทางวิชาการ (SAT) วิชาเรียงความ ย่อความ รวมทั้งวิชาภาษาอังกฤษที่ใช้ในการสอบตรง', '1', '10', '2', 'LAW', '2010-06-05', '2010-09-25', '10:30-12:30', 'Sat', '4000', '100', '0', 'noimg.jpg', '1', '0');
INSERT INTO `course` VALUES ('19', 'BTS1125', 'DTL-Law', '', 'คอร์สติวเข้มสอบตรงนิติศาสตร์ ซึ่งจะได้เรียนทุกวิชาที่ใช้ในการสอบตรงนิติศาสตร์ ธรรมศาสตร์ ไม่ว่าจะเป็นในส่วนของวิชากฏหมายพื้นฐาน วิชาความถนัดทางวิชาการ (SAT) วิชาเรียงความ ย่อความ รวมทั้งวิชาภาษาอังกฤษที่ใช้ในการสอบตรง', '3', '10', '8', 'LAW', '2010-06-06', '2010-09-26', '08:30-10:30', 'Mon', '4000', '100', '0', 'noimg.jpg', '1', '0');
INSERT INTO `course` VALUES ('20', 'BTS1126', 'DTL-Law', '', 'คอร์สติวเข้มสอบตรงนิติศาสตร์ ซึ่งจะได้เรียนทุกวิชาที่ใช้ในการสอบตรงนิติศาสตร์ ธรรมศาสตร์ ไม่ว่าจะเป็นในส่วนของวิชากฏหมายพื้นฐาน วิชาความถนัดทางวิชาการ (SAT) วิชาเรียงความ ย่อความ รวมทั้งวิชาภาษาอังกฤษที่ใช้ในการสอบตรง', '3', '10', '8', 'LAW', '2010-06-09', '2010-09-29', '17:30-19:30', 'Wed', '4000', '100', '0', 'noimg.jpg', '1', '0');
INSERT INTO `course` VALUES ('21', 'BTS1222', 'Intensive - Law', '', 'คอร์สนี้เหมาะสำหรับน้องๆที่มีความรู้พื้นฐานทางกฏหมายโดยน้องๆจะได้ฝึกทำข้อสอบกฏหมายทุกวิชาที่ใช้ในการสอบ ทั้งในส่วนวิชากฏหมาย ความถนัดทางวิชาการ (SAT) ภาษาอังกฤษและฝึกเขียนเรียงความ ย่อความในรูปแบบที่ใช้ในการสอบจริง รวมกันมากกว่า 1,000 ข้อ', '2', '10', '8', 'LAW', '2010-06-12', '2010-09-18', '13:30-15:30', 'Sat', '3500', '100', '0', 'noimg.jpg', '1', '0');
INSERT INTO `course` VALUES ('22', 'BTS1223', 'Intensive - Law', '', 'คอร์สนี้เหมาะสำหรับน้องๆที่มีความรู้พื้นฐานทางกฏหมายโดยน้องๆจะได้ฝึกทำข้อสอบกฏหมายทุกวิชาที่ใช้ในการสอบ ทั้งในส่วนวิชากฏหมาย ความถนัดทางวิชาการ (SAT) ภาษาอังกฤษและฝึกเขียนเรียงความ ย่อความในรูปแบบที่ใช้ในการสอบจริง รวมกันมากกว่า 1,000 ข้อ', '3', '10', '8', 'LAW', '2010-06-13', '2010-09-19', '10:30-12:30', 'Sun', '3500', '50', '0', 'noimg.jpg', '1', '0');
INSERT INTO `course` VALUES ('23', 'BTS1322', 'SAT & Writing- Law', '', 'คอร์สนี้น้องๆจะได้ทราบถึงเทคนิคการทำข้อสอบ SAT สำหรับการสอบตรงให้รวดเร็ว และมีความถูกต้องรวดเร็วที่สุดและเรียนรู้ถึงเทคนิคการเขียนย่อความ เรียงความให้มีความน่าสนใจและมีโอกาศได้คะแนนมากขึ้น', '2', '10', '8', 'LAW', '2010-06-12', '2010-09-18', '08:30-10:30', 'Sat', '3500', '80', '0', 'noimg.jpg', '1', '0');
INSERT INTO `course` VALUES ('24', 'BTS1423', 'English - Law', '', 'คอร์สนี้จะเรียนรู้รูปแบบของการทำข้อสอบภาษาอังกฤษที่ใช้ในการสอบตรงจากแนวข้อสอบเก่า และทบทวน Grammer เบื้องต้น ที่จำเป็นสำหรับการสอบตรงและเรียนรู้เทคนิคการทำข้อสอบประเภท Reading', '2', '10', '8', 'LAW', '2010-06-12', '2010-09-18', '15:30-17:30', 'Sat', '3500', '80', '0', 'noimg.jpg', '1', '0');
INSERT INTO `course` VALUES ('25', 'BTS1127', 'DTL - Law', '', 'คอร์สติวเข้มสอบตรงนิติศาสตร์ ซึ่งจะได้เรียนทุกวิชาที่ใช้ในการสอบตรงนิติศาสตร์ ธรรมศาสตร์ ไม่ว่าจะเป็นในส่วนของวิชากฏหมายพื้นฐาน วิชาความถนัดทางวิชาการ (SAT) วิชาเรียงความ ย่อความ รวมทั้งวิชาภาษาอังกฤษที่ใช้ในการสอบตรง', '2', '10', '8', 'LAW', '2010-10-01', '2010-10-22', '08:30-10:30', 'Fri', '4000', '80', '0', 'noimg.jpg', '1', '0');
INSERT INTO `course` VALUES ('26', 'BTS1128', 'DTL - Law', '', 'คอร์สติวเข้มสอบตรงนิติศาสตร์ ซึ่งจะได้เรียนทุกวิชาที่ใช้ในการสอบตรงนิติศาสตร์ ธรรมศาสตร์ ไม่ว่าจะเป็นในส่วนของวิชากฏหมายพื้นฐาน วิชาความถนัดทางวิชาการ (SAT) วิชาเรียงความ ย่อความ รวมทั้งวิชาภาษาอังกฤษที่ใช้ในการสอบตรง', '2', '10', '8', 'LAW', '2010-10-01', '2010-10-22', '10:30-12:30', 'Fri', '4000', '80', '0', 'noimg.jpg', '1', '0');
INSERT INTO `course` VALUES ('27', 'BTS1129', 'DTL - Law', '', 'คอร์สติวเข้มสอบตรงนิติศาสตร์ ซึ่งจะได้เรียนทุกวิชาที่ใช้ในการสอบตรงนิติศาสตร์ ธรรมศาสตร์ ไม่ว่าจะเป็นในส่วนของวิชากฏหมายพื้นฐาน วิชาความถนัดทางวิชาการ (SAT) วิชาเรียงความ ย่อความ รวมทั้งวิชาภาษาอังกฤษที่ใช้ในการสอบตรง', '1', '10', '8', 'LAW', '2010-10-01', '2010-10-22', '13:30-15:30', 'Fri', '4000', '100', '0', 'noimg.jpg', '1', '0');
INSERT INTO `course` VALUES ('28', 'BTS1224', 'Intensive - Law', '', 'คอร์สนี้เหมาะสำหรับน้องๆที่มีความรู้พื้นฐานทางกฏหมายโดยน้องๆจะได้ฝึกทำข้อสอบกฏหมายทุกวิชาที่ใช้ในการสอบ ทั้งในส่วนวิชากฏหมาย ความถนัดทางวิชาการ (SAT) ภาษาอังกฤษและฝึกเขียนเรียงความ ย่อความในรูปแบบที่ใช้ในการสอบจริง รวมกันมากกว่า 1,000 ข้อ', '1', '10', '8', 'LAW', '2010-10-04', '2010-10-22', '08:30-10:30', 'Mon', '3500', '100', '0', 'noimg.jpg', '1', '0');
INSERT INTO `course` VALUES ('29', 'BTS1225', 'Intensive - Law', '', 'คอร์สนี้เหมาะสำหรับน้องๆที่มีความรู้พื้นฐานทางกฏหมายโดยน้องๆจะได้ฝึกทำข้อสอบกฏหมายทุกวิชาที่ใช้ในการสอบ ทั้งในส่วนวิชากฏหมาย ความถนัดทางวิชาการ (SAT) ภาษาอังกฤษและฝึกเขียนเรียงความ ย่อความในรูปแบบที่ใช้ในการสอบจริง รวมกันมากกว่า 1,000 ข้อ', '1', '10', '8', 'LAW', '2010-10-04', '2010-10-22', '10:30-12:30', 'Mon', '3500', '100', '0', 'noimg.jpg', '1', '0');
INSERT INTO `course` VALUES ('30', 'BTS1226', 'Intensive - Law', '', 'คอร์สนี้เหมาะสำหรับน้องๆที่มีความรู้พื้นฐานทางกฏหมายโดยน้องๆจะได้ฝึกทำข้อสอบกฏหมายทุกวิชาที่ใช้ในการสอบ ทั้งในส่วนวิชากฏหมาย ความถนัดทางวิชาการ (SAT) ภาษาอังกฤษและฝึกเขียนเรียงความ ย่อความในรูปแบบที่ใช้ในการสอบจริง รวมกันมากกว่า 1,000 ข้อ', '1', '10', '8', 'LAW', '2010-10-04', '2010-10-22', '15:30-17:30', 'Mon', '3500', '100', '0', 'noimg.jpg', '1', '0');
INSERT INTO `course` VALUES ('31', 'BTS1323', 'SAT & Writing- Law', '', 'คอร์สนี้น้องๆจะได้ทราบถึงเทคนิคการทำข้อสอบ SAT สำหรับการสอบตรงให้รวดเร็ว และมีความถูกต้องรวดเร็วที่สุดและเรียนรู้ถึงเทคนิคการเขียนย่อความ เรียงความให้มีความน่าสนใจและมีโอกาสได้คะแนนมากขึ้น', '2', '10', '8', 'LAW', '2010-10-04', '2010-10-22', '13:30-15:30', 'Mon', '3500', '80', '0', 'noimg.jpg', '1', '0');
INSERT INTO `course` VALUES ('32', 'BTS1424', 'English - Law', '', 'คอร์สนี้จะเรียนรู้รูปแบบของการทำข้อสอบภาษาอังกฤษที่ใช้ในการสอบตรงจากแนวข้อสอบเก่า และทบทวน Grammer เบื้องต้น ที่จำเป็นสำหรับการสอบตรงและเรียนรู้เทคนิคการทำข้อสอบประเภท Reading', '2', '10', '8', 'LAW', '2010-10-04', '2010-10-22', '15:30-17:30', 'Mon', '3500', '80', '0', 'noimg.jpg', '1', '0');
INSERT INTO `course` VALUES ('33', 'BTS1151', 'DTL - Law', '', 'คอร์สติวเข้มสอบตรงนิติศาสตร์ ซึ่งจะได้เรียนทุกวิชาที่ใช้ในการสอบตรงนิติศาสตร์ ธรรมศาสตร์ ไม่ว่าจะเป็นในส่วนของวิชากฏหมายพื้นฐาน วิชาความถนัดทางวิชาการ (SAT) วิชาเรียงความ ย่อความ รวมทั้งวิชาภาษาอังกฤษที่ใช้ในการสอบตรง', '3', '10', '8', 'LAW', '2010-06-05', '2010-09-26', '13:30-15:30', 'Sat', '4000', '40', '0', 'noimg.jpg', '1', '0');
INSERT INTO `course` VALUES ('34', 'BTS1152', 'DTL - Law', '', 'คอร์สติวเข้มสอบตรงนิติศาสตร์ ซึ่งจะได้เรียนทุกวิชาที่ใช้ในการสอบตรงนิติศาสตร์ ธรรมศาสตร์ ไม่ว่าจะเป็นในส่วนของวิชากฏหมายพื้นฐาน วิชาความถนัดทางวิชาการ (SAT) วิชาเรียงความ ย่อความ รวมทั้งวิชาภาษาอังกฤษที่ใช้ในการสอบตรง', '3', '10', '8', 'LAW', '2010-06-08', '2010-09-28', '17:30-19:30', 'Tue', '4000', '40', '0', 'noimg.jpg', '1', '0');
INSERT INTO `course` VALUES ('35', 'BTS1251', 'Intensive - Law', '', 'คอร์สนี้เหมาะสำหรับน้องๆที่มีความรู้พื้นฐานทางกฏหมายโดยน้องๆจะได้ฝึกทำข้อสอบกฏหมายทุกวิชาที่ใช้ในการสอบ ทั้งในส่วนวิชากฏหมาย ความถนัดทางวิชาการ (SAT) ภาษาอังกฤษและฝึกเขียนเรียงความ ย่อความในรูปแบบที่ใช้ในการสอบจริง รวมกันมากกว่า 1,000 ข้อ', '3', '10', '8', 'LAW', '2010-06-13', '2010-09-19', '15:30-17:30', 'Sun', '3500', '40', '0', 'noimg.jpg', '1', '0');
INSERT INTO `course` VALUES ('36', 'BTS1351', 'SAT & Writing- Law', '', 'คอร์สนี้น้องๆจะได้ทราบถึงเทคนิคการทำข้อสอบ SAT สำหรับการสอบตรงให้รวดเร็ว และมีความถูกต้องรวดเร็วที่สุดและเรียนรู้ถึงเทคนิคการเขียนย่อความ เรียงความให้มีความน่าสนใจและมีโอกาศได้คะแนนมากขึ้น', '3', '10', '8', 'LAW', '2010-06-13', '2010-09-19', '10:30-12:30', 'Sun', '3500', '40', '0', 'noimg.jpg', '1', '0');
INSERT INTO `course` VALUES ('37', 'BTS1451', 'English - Law', '', 'คอร์สนี้จะเรียนรู้รูปแบบของการทำข้อสอบภาษาอังกฤษที่ใช้ในการสอบตรงจากแนวข้อสอบเก่า และทบทวน Grammer เบื้องต้น ที่จำเป็นสำหรับการสอบตรงและเรียนรู้เทคนิคการทำข้อสอบประเภท Reading', '3', '10', '8', 'LAW', '2010-06-13', '2010-09-19', '08:30-10:30', 'Sun', '3500', '40', '0', 'noimg.jpg', '1', '0');
INSERT INTO `course` VALUES ('38', 'BTS4269', 'Progressive-English', '', 'คอร์ส เตรียมความพร้อม ในการสอบวิชาภาษาอังกฤษ โดยจะรวมเนื้อหาของภาษาอังกฤษ ตั้งแต่ ม.4-ม.6 ประกอบด้วยไวยากรณ์, เทคนิคการอ่าน และรากศัพท์ ', '1', '6', '5', 'ETC', '2010-06-04', '2010-09-24', '17:30-19:30', 'Fri', '3500', '30', '0', 'noimg.jpg', '1', '0');
INSERT INTO `course` VALUES ('39', 'BTS4270', 'Progressive-English', '', 'คอร์ส เตรียมความพร้อม ในการสอบวิชาภาษาอังกฤษ โดยจะรวมเนื้อหาของภาษาอังกฤษ ตั้งแต่ ม.4-ม.6 ประกอบด้วยไวยากรณ์, เทคนิคการอ่าน และรากศัพท์ ', '1', '6', '5', 'ETC', '2010-06-05', '2010-09-25', '10:30-12:30', 'Sat', '3500', '30', '0', 'noimg.jpg', '1', '0');
INSERT INTO `course` VALUES ('40', 'BTS4216', 'Intensive-Reading', '', 'คอร์สนี้สำหรับน้องๆที่ต้องการความชำนาญในไวยกรณ์และคำศัพท์โดยคอร์สนี้ได้นำลักษณะข้อสอบทางไวยกรณ์หลายๆรูปแบบมารวมกัน เพื่อที่จะสามารถนำไปใช้สอบ GAT, TU-GET, CU-GET, CU-AATและSAT', '1', '6', '5', 'ETC', '2010-06-05', '2010-09-25', '13:30-15:30', 'Sat', '3500', '30', '0', 'noimg.jpg', '1', '0');
INSERT INTO `course` VALUES ('41', 'BTS4231', 'Intensive-Grammer', '', 'คอร์สนี้สำหรับน้องๆที่ต้องการความชำนาญในไวยกรณ์และคำศัพท์โดยคอร์สนี้ได้นำลักษณะข้อสอบทางไวยกรณ์หลายๆรูปแบบมารวมกัน เพื่อที่จะสามารถนำไปใช้สอบ GAT, TU-GET, CU-GET, CU-AATและSAT', '1', '6', '5', 'ETC', '2010-06-05', '2010-09-25', '15:30-17:30', 'Sat', '3500', '30', '0', 'noimg.jpg', '1', '0');
INSERT INTO `course` VALUES ('42', 'BTS4062', 'Basic Econ-Math', '', 'คอร์ส เตรียมความพร้อมในการสอบตรง เข้าคณะเศรษฐศาสตร์ ภาคภาษาไทย และภาคภาษาอังกฤษ มหาวิทยาลัยธรรมศาสตร์ โดยจะปรับพื้นฐานคณิตศาสตร์ ม.4-ม.6 ', '1', '1', '2', 'MTH', '2010-06-05', '2010-09-25', '10:30-13:00', 'Sat', '3500', '30', '0', 'noimg.jpg', '1', '0');
INSERT INTO `course` VALUES ('43', 'BTS4053', 'Apply Econ-Math', '', 'คอร์ส เตรียมความพร้อมในการสอบตรง เข้าคณะเศรษฐศาสตร์ ภาคภาษาไทย มหาวิทยาลัยธรรมศาสตร์ในคอร์สนี้น้องๆจะได้ตะลุยแนวข้อสอบเก่ากับรุ่นพี่ที่ผ่านโควต้าโดยตรง', '1', '1', '2', 'MTH', '2010-06-05', '2010-09-25', '13:00-15:30', 'Sat', '4000', '30', '0', 'noimg.jpg', '1', '0');
INSERT INTO `course` VALUES ('44', 'BTS4037', 'Apply BE-Math', '', 'คอร์สเตรียมความพร้อมในการสอบตรงเข้าคณะเศรษฐศาสตร์ ภาคภาษาอังกฤษ มหาวิทยาลัยธรรมศาสตร์ โดยจะตะลุยแนวข้อสอบเก่าและและเทคนิคการตอบวิธีทำเป็นภาษาอังกฤษ', '1', '1', '2', 'MTH', '2010-06-06', '2010-09-26', '10:30-13:00', 'Sun', '4000', '30', '0', 'noimg.jpg', '1', '0');
INSERT INTO `course` VALUES ('45', 'BTS4142', 'CU-AAT', '', 'คอร์สกวดวิชาเพื่อเตรียมความพร้อมในการสอบ CU-AAT โดยตรง โดยจะทบทวนความรู้และเสริมสร้างเทคนิคในการทำข้อสอบวิชาคณิตศาสตร์เป็นภาษาอังกฤษเหมาะกับน้องที่สนใจจะสมัครในคณะเศรษฐศาสตร์ภาคภาษาอังกฤษและพาณิชยการบัญชี', '1', '17', '9', 'ETC', '2010-06-20', '2010-09-05', '13:30-15:30', 'Sun', '3500', '30', '0', 'noimg.jpg', '1', '0');
INSERT INTO `course` VALUES ('46', 'BTS4271', 'Progressive-English', '', 'คอร์ส เตรียมความพร้อม ในการสอบวิชาภาษาอังกฤษ โดยจะรวมเนื้อหาของภาษาอังกฤษ ตั้งแต่ ม.4-ม.6 ประกอบด้วยไวยากรณ์, เทคนิคการอ่าน และรากศัพท์ ', '1', '6', '5', 'ETC', '2010-10-06', '2010-10-21', '16:30-19:30', 'Mon', '3500', '30', '0', 'noimg.jpg', '1', '0');
INSERT INTO `course` VALUES ('47', 'BTS4217', 'Intensive-Reading', '', 'คอร์สนี้สำหรับน้องๆที่ต้องการความชำนาญในไวยกรณ์และคำศัพท์โดยคอร์สนี้ได้นำลักษณะข้อสอบทางไวยกรณ์หลายๆรูปแบบมารวมกัน เพื่อที่จะสามารถนำไปใช้สอบ GAT, TU-GET, CU-GET, CU-AATและSAT', '1', '6', '5', 'ETC', '2010-10-06', '2010-10-20', '13:30-19:30', 'Mon', '3500', '30', '0', 'noimg.jpg', '1', '0');
INSERT INTO `course` VALUES ('48', 'BTS4232', 'Intensive-Grammer', '', 'คอร์สนี้สำหรับน้องๆที่ต้องการความชำนาญในไวยกรณ์และคำศัพท์โดยคอร์สนี้ได้นำลักษณะข้อสอบทางไวยกรณ์หลายๆรูปแบบมารวมกัน เพื่อที่จะสามารถนำไปใช้สอบ GAT, TU-GET, CU-GET, CU-AATและSAT', '1', '6', '5', 'ETC', '2010-10-06', '2010-10-26', '10:30-12:30', 'Mon', '3500', '30', '0', 'noimg.jpg', '1', '0');
INSERT INTO `course` VALUES ('49', 'BTS4054', 'Apply Econ-Math', '', 'คอร์ส เตรียมความพร้อมในการสอบตรง เข้าคณะเศรษฐศาสตร์ ภาคภาษาไทย มหาวิทยาลัยธรรมศาสตร์ในคอร์สนี้น้องๆจะได้ตะลุยแนวข้อสอบเก่ากับรุ่นพี่ที่ผ่านโควต้าโดยตรง', '1', '1', '2', 'MTH', '2010-10-01', '2010-10-27', '10:30-12:30', 'Mon', '4000', '30', '0', 'noimg.jpg', '1', '0');
INSERT INTO `course` VALUES ('50', 'BTS4038', 'Apply BE-Math', '', 'คอร์สเตรียมความพร้อมในการสอบตรงเข้าคณะเศรษฐศาสตร์ ภาคภาษาอังกฤษ มหาวิทยาลัยธรรมศาสตร์ โดยจะตะลุยแนวข้อสอบเก่าและและเทคนิคการตอบวิธีทำเป็นภาษาอังกฤษ', '1', '1', '2', 'MTH', '2010-10-01', '2010-10-27', '10:30-12:30', 'Mon', '4000', '30', '0', 'noimg.jpg', '1', '0');
INSERT INTO `course` VALUES ('51', 'BTS4272', 'Progressive-English', '', 'คอร์ส เตรียมความพร้อม ในการสอบวิชาภาษาอังกฤษ โดยจะรวมเนื้อหาของภาษาอังกฤษ ตั้งแต่ ม.4-ม.6 ประกอบด้วยไวยากรณ์, เทคนิคการอ่าน และรากศัพท์ ', '1', '6', '5', 'ETC', '2010-11-06', '2011-02-26', '10:30-12:30', 'Sat', '3500', '30', '0', 'noimg.jpg', '1', '0');
INSERT INTO `course` VALUES ('52', 'TC00001', 'test course 1', 'test course 1', 'test course 1', '11', '1', '1', 'THAI', '2010-11-06', '2011-02-26', '08:00-10:00', 'Mon', '1000', '50', '0', 'noimg.jpg', '1', '0');
INSERT INTO `course` VALUES ('53', 'TC0002', 'test course 2', 'test course 2', 'test course 2', '12', '17', '1', 'THAI', '2010-11-06', '2011-02-26', '08:00-10:00', 'Mon', '1000', '50', '0', 'noimg.jpg', '1', '0');
INSERT INTO `course` VALUES ('55', 'BTS5112', 'BTS5112 copy', '', '', '1', '17', '1', 'THAI', '2011-02-13', '2011-02-13', '08:00-10:00', 'จ', '1000', '50', '0', 'noimg.jpg', '1', '0');
INSERT INTO `course` VALUES ('59', 'BTS2103', 'BTS2103', '', '', '1', '17', '1', 'THAI', '2011-02-13', '2011-02-13', '08:00-10:00', 'จ', '1000', '50', '0', 'noimg.jpg', '1', '0');

-- ----------------------------
-- Table structure for `course_copy`
-- ----------------------------
DROP TABLE IF EXISTS `course_copy`;
CREATE TABLE `course_copy` (
  `course_id` int(10) unsigned NOT NULL AUTO_INCREMENT,
  `bts_course_id` varchar(50) NOT NULL,
  `course_name` varchar(100) NOT NULL,
  `short_name` varchar(50) NOT NULL,
  `course_desc` varchar(1000) NOT NULL,
  `room_id` int(10) unsigned NOT NULL,
  `teacher_id` int(10) unsigned NOT NULL,
  `paid_group_id` int(10) unsigned NOT NULL,
  `category` varchar(50) NOT NULL,
  `start_date` date DEFAULT '2010-08-20',
  `end_date` date DEFAULT '2010-08-29',
  `open_time` varchar(50) NOT NULL,
  `day_of_week` varchar(3) NOT NULL COMMENT 'Mon,Tue,Wed,Thu,Fri,Sat,Sun',
  `cost` int(10) unsigned NOT NULL DEFAULT '0',
  `seat_limit` int(11) NOT NULL DEFAULT '40',
  `bank_regis_limit` int(11) NOT NULL DEFAULT '30',
  `image` varchar(50) DEFAULT NULL,
  `is_active` int(4) NOT NULL DEFAULT '1',
  `is_paid` int(11) NOT NULL DEFAULT '0' COMMENT '0=notpaid 1=paid',
  PRIMARY KEY (`course_id`),
  UNIQUE KEY `UNQ_bts_course_id` (`bts_course_id`)
) ENGINE=InnoDB AUTO_INCREMENT=54 DEFAULT CHARSET=tis620;

-- ----------------------------
-- Records of course_copy
-- ----------------------------
INSERT INTO `course_copy` VALUES ('1', 'BTS5112', 'BEST  SME - M. 1/1', '', 'คอร์สกวดเข้มวิทย์-คณิต-อังกฤษ ม.1 เทอม1\r\nสอนโดยทีมอาจารย์ The BTS', '1', '10', '8', 'ETC', '2010-06-12', '2010-09-11', '08:00-12:00', 'Sat', '5000', '40', '30', null, '1', '0');
INSERT INTO `course_copy` VALUES ('2', 'BTS5213', 'BEST SME - M. 2/1', '', 'คอร์สกวดเข้มวิทย์-คณิต-อังกฤษ ม.2 เทอม1\r\nสอนโดยทีมอาจารย์ The BTS', '2', '10', '8', 'ETC', '2010-06-12', '2010-09-11', '08:00-12:00', 'Sat', '5000', '40', '30', null, '1', '0');
INSERT INTO `course_copy` VALUES ('3', 'BTS5315', 'BEST SME  M. 3/2', '', 'คอร์สกวดเข้มวิทย์-คณิต-อังกฤษ ม.3 เทอม2\r\nสอนโดยทีมอาจารย์ The BTS', '1', '10', '8', 'ETC', '2010-06-12', '2010-09-12', '08:00-12:00', 'Sat', '5000', '40', '30', null, '1', '0');
INSERT INTO `course_copy` VALUES ('4', 'BTS6111', 'BEST MWIT  (รอบที่ 1)', '', 'คอร์สกวดเข้มเข้ามหิดลวิทย์ฯ จะใช้ในทุกเนื้อหาในการสอบคัดเลือกเข้า ร.ร.มหิดลวิทยานุสรณ์ (คณิตศาสตร์-วิทยาศาสตร์) โดยทีมอาจารย์ The BTS', '2', '17', '9', 'ETC', '2010-06-12', '2010-09-18', '13:15-17:30', 'Sat', '5500', '40', '30', null, '1', '0');
INSERT INTO `course_copy` VALUES ('5', 'BTS6112', 'BEST MWIT (รอบที่ 2)', '', 'คอร์สกวดเข้มเข้ามหิดลวิทย์ฯ จะใช้ในทุกเนื้อหาในการสอบคัดเลือกเข้า ร.ร.มหิดลวิทยานุสรณ์ (คณิตศาสตร์-วิทยาศาสตร์) โดยทีมอาจารย์ The BTS ', '2', '17', '9', 'ETC', '2010-06-13', '2010-09-19', '08:15-12:30', 'Sun', '5500', '40', '30', null, '1', '0');
INSERT INTO `course_copy` VALUES ('6', 'BTS6113', 'BEST MWIT (รอบที่ 3)', '', 'คอร์สกวดเข้มเข้ามหิดลวิทย์ฯ จะใช้ในทุกเนื้อหาในการสอบคัดเลือกเข้า ร.ร.มหิดลวิทยานุสรณ์ (คณิตศาสตร์-วิทยาศาสตร์) โดยทีมอาจารย์ The BTS', '2', '17', '9', 'ETC', '2010-06-13', '2010-09-19', '13:15-17:30', 'Sun', '5500', '40', '30', null, '1', '0');
INSERT INTO `course_copy` VALUES ('7', 'BTS2103', 'พืชคณิตคิดสนุก', '', 'คอร์สพืชคณิตคิดสนุก จะปูพื้นฐานเรื่องพืชคณิตในระดับมัธยมศึกษาตอนต้นทั้งหมด โดยผู้สอน อ.ไมตรี ศรีทองแท้ (ผู้ดูแลนักเรียนความสามารถพิศษทางด้านคณิตศาสตร์ Gifted และผู้ติวนักเรียนโอลิมปิก ร.ร.เตรียมอุดมศึกษา)', '3', '2', '1', 'MTH', '2010-06-05', '2010-09-11', '13:30-15:30', 'Sat', '5000', '40', '30', null, '1', '0');
INSERT INTO `course_copy` VALUES ('8', 'BTS2123', 'เรขาคณิตคิดไม่ยาก', '', 'คอร์สเรขาคณิตคิดไม่ยาก จะปูพื้นฐานเรื่องพืชคณิตในระดับมัธยมศึกษาตอนต้นทั้งหมด โดยผู้สอน อ.ไมตรี ศรีทองแท้ (ผู้ดูแลนักเรียนความสามารถพิศษทางด้านคณิตศาสตร์ Gifted และผู้ติวนักเรียนโอลิมปิก ร.ร.เตรียมอุดมศึกษา)', '3', '2', '1', 'MTH', '2010-06-05', '2010-09-11', '15:30-17:30', 'Sat', '5000', '40', '30', null, '1', '0');
INSERT INTO `course_copy` VALUES ('9', 'BTS6801', 'BEST TRIAM-SPECIAL (รอบที่ 1)', '', 'คอร์สกวดเข้มเข้าเตรียมอุดมศึกษา (ห้องคัดพิเศษ) เรียนครบทุกวิชาที่จะใช้สอบเข้าเตรียมอุดมศึกษา สอนโดยทีมอาจารย์ The BTS', '3', '17', '9', 'ETC', '2010-06-12', '2010-09-18', '08:00-12:30', 'Sat', '13500', '40', '30', null, '1', '0');
INSERT INTO `course_copy` VALUES ('10', 'BTS6803', 'BEST TRIAM-SPECIAL (รอบที่ 2)', '', 'คอร์สกวดเข้มเข้าเตรียมอุดมศึกษา (ห้องคัดพิเศษ) เรียนครบทุกวิชาที่จะใช้สอบเข้าเตรียมอุดมศึกษา สอนโดยทีมอาจารย์ The BTS', '1', '17', '9', 'ETC', '2010-06-13', '2010-09-19', '08:00-12:30', 'Sun', '13500', '40', '30', null, '1', '0');
INSERT INTO `course_copy` VALUES ('11', 'BTS6811', 'คณิตศาสตร์ (สรุปเนื้อหา+โจทย์) กวดเข้าม.4', 'คณิตกวดเข้าม.4', 'อ.บัณฑิตย์', '4', '1', '2', 'THAI', '2010-06-12', '2010-09-18', '10:00-12:00', 'Sat', '4000', '40', '30', null, '1', '0');
INSERT INTO `course_copy` VALUES ('12', 'BTS2531', 'ฟิสิกส์ (สรุปเนื้อหา+โจทย์) กวดเข้าม.4 ', 'ฟิสิกส์กวดม.4', '', '4', '5', '4', 'ETC', '2010-06-13', '2010-09-19', '10:00-12:00', 'Mon', '4000', '40', '30', null, '1', '0');
INSERT INTO `course_copy` VALUES ('13', 'BTS3181', 'สังคมศึกษา (สรุปเนื้อหา+โจทย์) กวดเข้าเตรียมอุดมฯ ', 'สังคมเตรียมอุดม', '', '1', '8', '6', 'ETC', '2010-06-09', '2010-09-15', '17:00-19:00', 'Wed', '4000', '40', '30', null, '1', '0');
INSERT INTO `course_copy` VALUES ('14', 'BTS2611', 'ตะลุยโจทย์คณิตศาสตร์เข้าเตรียมฯ', 'คณิตเข้าเตรียม', '', '1', '1', '2', 'THAI', '2010-06-08', '2010-09-14', '17:00-19:00', 'Tue', '5000', '40', '30', null, '1', '0');
INSERT INTO `course_copy` VALUES ('15', 'BTS3503', 'สังคมสำหรับเตรียมสอบแพทย์และ O-NET', 'สังคมแพทย์O-NET', 'คอร์สสังคมสำหรับเตรียมสอบแพทย์ และ O-NET จะได้เรียนเนื้อหาครบทุกเรื่องที่ใช้สอบและฝึกทำโจทย์เก่าย้อนหลัง โดยผู้สอน อ.สุทัศน์ ภูมิรัตนจรินทร์, อ.วันชนะ หมั่นงาน', '1', '8', '6', 'ETC', '2010-06-05', '2010-09-11', '15:30-17:30', 'Sat', '5000', '40', '30', null, '1', '0');
INSERT INTO `course_copy` VALUES ('16', 'BTS3504', 'สังคมสำหรับเตรียมสอบแพทย์และ O-NET', 'สังคมแพทย์O-NET', 'คอร์สสังคมสำหรับเตรียมสอบแพทย์ และ O-NET จะได้เรียนเนื้อหาครบทุกเรื่องที่ใช้สอบและฝึกทำโจทย์เก่าย้อนหลัง โดยผู้สอน อ.สุทัศน์ ภูมิรัตนจรินทร์, อ.วันชนะ หมั่นงาน', '1', '8', '6', 'ETC', '2010-10-24', '2010-12-25', '15:30-17:30', 'Sat', '5000', '40', '30', null, '1', '0');
INSERT INTO `course_copy` VALUES ('17', 'BTS3505', 'ความรู้พื้นฐานทางสังคมศาสตร์ (ภาษาไทย-สังคมศึกษา)', 'พฐ.สังคม-ไทย', 'คอร์สความรู้พื้นฐานทางสังคมศาสตร์ (ภาษาไทย-สังคมศึกษา) สรุปเนื้อหาสั้นๆ และฝึกทำแนวสอบตรงจุฬาฯ โดยผู้สอน อ.วันชนะ หมั่นงาน (อดีตอาจารย์พิเศษ ร.ร.เตรียมอุดมศึกษา) และอ.รักษ์พงศ์ ธรรมผุสนา (อักษรศาสตร์บัณฑิต', '1', '8', '6', 'THAI', '2010-06-05', '2010-09-11', '13:00-17:00', 'Sat', '3000', '40', '30', null, '1', '0');
INSERT INTO `course_copy` VALUES ('18', 'BTS1124', 'DTL-Law', '', 'คอร์สติวเข้มสอบตรงนิติศาสตร์ ซึ่งจะได้เรียนทุกวิชาที่ใช้ในการสอบตรงนิติศาสตร์ ธรรมศาสตร์ ไม่ว่าจะเป็นในส่วนของวิชากฏหมายพื้นฐาน วิชาความถนัดทางวิชาการ (SAT) วิชาเรียงความ ย่อความ รวมทั้งวิชาภาษาอังกฤษที่ใช้ในการสอบตรง', '1', '10', '2', 'LAW', '2010-06-05', '2010-09-25', '10:30-12:30', 'Sat', '4000', '40', '30', null, '1', '0');
INSERT INTO `course_copy` VALUES ('19', 'BTS1125', 'DTL-Law', '', 'คอร์สติวเข้มสอบตรงนิติศาสตร์ ซึ่งจะได้เรียนทุกวิชาที่ใช้ในการสอบตรงนิติศาสตร์ ธรรมศาสตร์ ไม่ว่าจะเป็นในส่วนของวิชากฏหมายพื้นฐาน วิชาความถนัดทางวิชาการ (SAT) วิชาเรียงความ ย่อความ รวมทั้งวิชาภาษาอังกฤษที่ใช้ในการสอบตรง', '3', '10', '8', 'LAW', '2010-06-06', '2010-09-26', '08:30-10:30', 'Mon', '4000', '40', '30', null, '1', '0');
INSERT INTO `course_copy` VALUES ('20', 'BTS1126', 'DTL-Law', '', 'คอร์สติวเข้มสอบตรงนิติศาสตร์ ซึ่งจะได้เรียนทุกวิชาที่ใช้ในการสอบตรงนิติศาสตร์ ธรรมศาสตร์ ไม่ว่าจะเป็นในส่วนของวิชากฏหมายพื้นฐาน วิชาความถนัดทางวิชาการ (SAT) วิชาเรียงความ ย่อความ รวมทั้งวิชาภาษาอังกฤษที่ใช้ในการสอบตรง', '3', '10', '8', 'LAW', '2010-06-09', '2010-09-29', '17:30-19:30', 'Wed', '4000', '40', '30', null, '1', '0');
INSERT INTO `course_copy` VALUES ('21', 'BTS1222', 'Intensive - Law', '', 'คอร์สนี้เหมาะสำหรับน้องๆที่มีความรู้พื้นฐานทางกฏหมายโดยน้องๆจะได้ฝึกทำข้อสอบกฏหมายทุกวิชาที่ใช้ในการสอบ ทั้งในส่วนวิชากฏหมาย ความถนัดทางวิชาการ (SAT) ภาษาอังกฤษและฝึกเขียนเรียงความ ย่อความในรูปแบบที่ใช้ในการสอบจริง รวมกันมากกว่า 1,000 ข้อ', '2', '10', '8', 'LAW', '2010-06-12', '2010-09-18', '13:30-15:30', 'Sat', '3500', '40', '30', null, '1', '0');
INSERT INTO `course_copy` VALUES ('22', 'BTS1223', 'Intensive - Law', '', 'คอร์สนี้เหมาะสำหรับน้องๆที่มีความรู้พื้นฐานทางกฏหมายโดยน้องๆจะได้ฝึกทำข้อสอบกฏหมายทุกวิชาที่ใช้ในการสอบ ทั้งในส่วนวิชากฏหมาย ความถนัดทางวิชาการ (SAT) ภาษาอังกฤษและฝึกเขียนเรียงความ ย่อความในรูปแบบที่ใช้ในการสอบจริง รวมกันมากกว่า 1,000 ข้อ', '3', '10', '8', 'LAW', '2010-06-13', '2010-09-19', '10:30-12:30', 'Sun', '3500', '40', '30', null, '1', '0');
INSERT INTO `course_copy` VALUES ('23', 'BTS1322', 'SAT & Writing- Law', '', 'คอร์สนี้น้องๆจะได้ทราบถึงเทคนิคการทำข้อสอบ SAT สำหรับการสอบตรงให้รวดเร็ว และมีความถูกต้องรวดเร็วที่สุดและเรียนรู้ถึงเทคนิคการเขียนย่อความ เรียงความให้มีความน่าสนใจและมีโอกาศได้คะแนนมากขึ้น', '2', '10', '8', 'LAW', '2010-06-12', '2010-09-18', '08:30-10:30', 'Sat', '3500', '40', '30', null, '1', '0');
INSERT INTO `course_copy` VALUES ('24', 'BTS1423', 'English - Law', '', 'คอร์สนี้จะเรียนรู้รูปแบบของการทำข้อสอบภาษาอังกฤษที่ใช้ในการสอบตรงจากแนวข้อสอบเก่า และทบทวน Grammer เบื้องต้น ที่จำเป็นสำหรับการสอบตรงและเรียนรู้เทคนิคการทำข้อสอบประเภท Reading', '2', '10', '8', 'LAW', '2010-06-12', '2010-09-18', '15:30-17:30', 'Sat', '3500', '40', '30', null, '1', '0');
INSERT INTO `course_copy` VALUES ('25', 'BTS1127', 'DTL - Law', '', 'คอร์สติวเข้มสอบตรงนิติศาสตร์ ซึ่งจะได้เรียนทุกวิชาที่ใช้ในการสอบตรงนิติศาสตร์ ธรรมศาสตร์ ไม่ว่าจะเป็นในส่วนของวิชากฏหมายพื้นฐาน วิชาความถนัดทางวิชาการ (SAT) วิชาเรียงความ ย่อความ รวมทั้งวิชาภาษาอังกฤษที่ใช้ในการสอบตรง', '2', '10', '8', 'LAW', '2010-10-01', '2010-10-22', '08:30-10:30', 'Fri', '4000', '40', '30', null, '1', '0');
INSERT INTO `course_copy` VALUES ('26', 'BTS1128', 'DTL - Law', '', 'คอร์สติวเข้มสอบตรงนิติศาสตร์ ซึ่งจะได้เรียนทุกวิชาที่ใช้ในการสอบตรงนิติศาสตร์ ธรรมศาสตร์ ไม่ว่าจะเป็นในส่วนของวิชากฏหมายพื้นฐาน วิชาความถนัดทางวิชาการ (SAT) วิชาเรียงความ ย่อความ รวมทั้งวิชาภาษาอังกฤษที่ใช้ในการสอบตรง', '2', '10', '8', 'LAW', '2010-10-01', '2010-10-22', '10:30-12:30', 'Fri', '4000', '40', '30', null, '1', '0');
INSERT INTO `course_copy` VALUES ('27', 'BTS1129', 'DTL - Law', '', 'คอร์สติวเข้มสอบตรงนิติศาสตร์ ซึ่งจะได้เรียนทุกวิชาที่ใช้ในการสอบตรงนิติศาสตร์ ธรรมศาสตร์ ไม่ว่าจะเป็นในส่วนของวิชากฏหมายพื้นฐาน วิชาความถนัดทางวิชาการ (SAT) วิชาเรียงความ ย่อความ รวมทั้งวิชาภาษาอังกฤษที่ใช้ในการสอบตรง', '1', '10', '8', 'LAW', '2010-10-01', '2010-10-22', '13:30-15:30', 'Fri', '4000', '40', '30', null, '1', '0');
INSERT INTO `course_copy` VALUES ('28', 'BTS1224', 'Intensive - Law', '', 'คอร์สนี้เหมาะสำหรับน้องๆที่มีความรู้พื้นฐานทางกฏหมายโดยน้องๆจะได้ฝึกทำข้อสอบกฏหมายทุกวิชาที่ใช้ในการสอบ ทั้งในส่วนวิชากฏหมาย ความถนัดทางวิชาการ (SAT) ภาษาอังกฤษและฝึกเขียนเรียงความ ย่อความในรูปแบบที่ใช้ในการสอบจริง รวมกันมากกว่า 1,000 ข้อ', '1', '10', '8', 'LAW', '2010-10-04', '2010-10-22', '08:30-10:30', 'Mon', '3500', '40', '30', null, '1', '0');
INSERT INTO `course_copy` VALUES ('29', 'BTS1225', 'Intensive - Law', '', 'คอร์สนี้เหมาะสำหรับน้องๆที่มีความรู้พื้นฐานทางกฏหมายโดยน้องๆจะได้ฝึกทำข้อสอบกฏหมายทุกวิชาที่ใช้ในการสอบ ทั้งในส่วนวิชากฏหมาย ความถนัดทางวิชาการ (SAT) ภาษาอังกฤษและฝึกเขียนเรียงความ ย่อความในรูปแบบที่ใช้ในการสอบจริง รวมกันมากกว่า 1,000 ข้อ', '1', '10', '8', 'LAW', '2010-10-04', '2010-10-22', '10:30-12:30', 'Mon', '3500', '40', '30', null, '1', '0');
INSERT INTO `course_copy` VALUES ('30', 'BTS1226', 'Intensive - Law', '', 'คอร์สนี้เหมาะสำหรับน้องๆที่มีความรู้พื้นฐานทางกฏหมายโดยน้องๆจะได้ฝึกทำข้อสอบกฏหมายทุกวิชาที่ใช้ในการสอบ ทั้งในส่วนวิชากฏหมาย ความถนัดทางวิชาการ (SAT) ภาษาอังกฤษและฝึกเขียนเรียงความ ย่อความในรูปแบบที่ใช้ในการสอบจริง รวมกันมากกว่า 1,000 ข้อ', '1', '10', '8', 'LAW', '2010-10-04', '2010-10-22', '15:30-17:30', 'Mon', '3500', '40', '30', null, '1', '0');
INSERT INTO `course_copy` VALUES ('31', 'BTS1323', 'SAT & Writing- Law', '', 'คอร์สนี้น้องๆจะได้ทราบถึงเทคนิคการทำข้อสอบ SAT สำหรับการสอบตรงให้รวดเร็ว และมีความถูกต้องรวดเร็วที่สุดและเรียนรู้ถึงเทคนิคการเขียนย่อความ เรียงความให้มีความน่าสนใจและมีโอกาสได้คะแนนมากขึ้น', '2', '10', '8', 'LAW', '2010-10-04', '2010-10-22', '13:30-15:30', 'Mon', '3500', '40', '30', null, '1', '0');
INSERT INTO `course_copy` VALUES ('32', 'BTS1424', 'English - Law', '', 'คอร์สนี้จะเรียนรู้รูปแบบของการทำข้อสอบภาษาอังกฤษที่ใช้ในการสอบตรงจากแนวข้อสอบเก่า และทบทวน Grammer เบื้องต้น ที่จำเป็นสำหรับการสอบตรงและเรียนรู้เทคนิคการทำข้อสอบประเภท Reading', '2', '10', '8', 'LAW', '2010-10-04', '2010-10-22', '15:30-17:30', 'Mon', '3500', '40', '30', null, '1', '0');
INSERT INTO `course_copy` VALUES ('33', 'BTS1151', 'DTL - Law', '', 'คอร์สติวเข้มสอบตรงนิติศาสตร์ ซึ่งจะได้เรียนทุกวิชาที่ใช้ในการสอบตรงนิติศาสตร์ ธรรมศาสตร์ ไม่ว่าจะเป็นในส่วนของวิชากฏหมายพื้นฐาน วิชาความถนัดทางวิชาการ (SAT) วิชาเรียงความ ย่อความ รวมทั้งวิชาภาษาอังกฤษที่ใช้ในการสอบตรง', '3', '10', '8', 'LAW', '2010-06-05', '2010-09-26', '13:30-15:30', 'Sat', '4000', '40', '30', null, '1', '0');
INSERT INTO `course_copy` VALUES ('34', 'BTS1152', 'DTL - Law', '', 'คอร์สติวเข้มสอบตรงนิติศาสตร์ ซึ่งจะได้เรียนทุกวิชาที่ใช้ในการสอบตรงนิติศาสตร์ ธรรมศาสตร์ ไม่ว่าจะเป็นในส่วนของวิชากฏหมายพื้นฐาน วิชาความถนัดทางวิชาการ (SAT) วิชาเรียงความ ย่อความ รวมทั้งวิชาภาษาอังกฤษที่ใช้ในการสอบตรง', '3', '10', '8', 'LAW', '2010-06-08', '2010-09-28', '17:30-19:30', 'Tue', '4000', '40', '30', null, '1', '0');
INSERT INTO `course_copy` VALUES ('35', 'BTS1251', 'Intensive - Law', '', 'คอร์สนี้เหมาะสำหรับน้องๆที่มีความรู้พื้นฐานทางกฏหมายโดยน้องๆจะได้ฝึกทำข้อสอบกฏหมายทุกวิชาที่ใช้ในการสอบ ทั้งในส่วนวิชากฏหมาย ความถนัดทางวิชาการ (SAT) ภาษาอังกฤษและฝึกเขียนเรียงความ ย่อความในรูปแบบที่ใช้ในการสอบจริง รวมกันมากกว่า 1,000 ข้อ', '3', '10', '8', 'LAW', '2010-06-13', '2010-09-19', '15:30-17:30', 'Sun', '3500', '40', '30', null, '1', '0');
INSERT INTO `course_copy` VALUES ('36', 'BTS1351', 'SAT & Writing- Law', '', 'คอร์สนี้น้องๆจะได้ทราบถึงเทคนิคการทำข้อสอบ SAT สำหรับการสอบตรงให้รวดเร็ว และมีความถูกต้องรวดเร็วที่สุดและเรียนรู้ถึงเทคนิคการเขียนย่อความ เรียงความให้มีความน่าสนใจและมีโอกาศได้คะแนนมากขึ้น', '3', '10', '8', 'LAW', '2010-06-13', '2010-09-19', '10:30-12:30', 'Sun', '3500', '40', '30', null, '1', '0');
INSERT INTO `course_copy` VALUES ('37', 'BTS1451', 'English - Law', '', 'คอร์สนี้จะเรียนรู้รูปแบบของการทำข้อสอบภาษาอังกฤษที่ใช้ในการสอบตรงจากแนวข้อสอบเก่า และทบทวน Grammer เบื้องต้น ที่จำเป็นสำหรับการสอบตรงและเรียนรู้เทคนิคการทำข้อสอบประเภท Reading', '3', '10', '8', 'LAW', '2010-06-13', '2010-09-19', '08:30-10:30', 'Sun', '3500', '40', '30', null, '1', '0');
INSERT INTO `course_copy` VALUES ('38', 'BTS4269', 'Progressive-English', '', 'คอร์ส เตรียมความพร้อม ในการสอบวิชาภาษาอังกฤษ โดยจะรวมเนื้อหาของภาษาอังกฤษ ตั้งแต่ ม.4-ม.6 ประกอบด้วยไวยากรณ์, เทคนิคการอ่าน และรากศัพท์ ', '1', '6', '5', 'ETC', '2010-06-04', '2010-09-24', '17:30-19:30', 'Fri', '3500', '40', '30', null, '1', '0');
INSERT INTO `course_copy` VALUES ('39', 'BTS4270', 'Progressive-English', '', 'คอร์ส เตรียมความพร้อม ในการสอบวิชาภาษาอังกฤษ โดยจะรวมเนื้อหาของภาษาอังกฤษ ตั้งแต่ ม.4-ม.6 ประกอบด้วยไวยากรณ์, เทคนิคการอ่าน และรากศัพท์ ', '1', '6', '5', 'ETC', '2010-06-05', '2010-09-25', '10:30-12:30', 'Sat', '3500', '40', '30', null, '1', '0');
INSERT INTO `course_copy` VALUES ('40', 'BTS4216', 'Intensive-Reading', '', 'คอร์สนี้สำหรับน้องๆที่ต้องการความชำนาญในไวยกรณ์และคำศัพท์โดยคอร์สนี้ได้นำลักษณะข้อสอบทางไวยกรณ์หลายๆรูปแบบมารวมกัน เพื่อที่จะสามารถนำไปใช้สอบ GAT, TU-GET, CU-GET, CU-AATและSAT', '1', '6', '5', 'ETC', '2010-06-05', '2010-09-25', '13:30-15:30', 'Sat', '3500', '40', '30', null, '1', '0');
INSERT INTO `course_copy` VALUES ('41', 'BTS4231', 'Intensive-Grammer', '', 'คอร์สนี้สำหรับน้องๆที่ต้องการความชำนาญในไวยกรณ์และคำศัพท์โดยคอร์สนี้ได้นำลักษณะข้อสอบทางไวยกรณ์หลายๆรูปแบบมารวมกัน เพื่อที่จะสามารถนำไปใช้สอบ GAT, TU-GET, CU-GET, CU-AATและSAT', '1', '6', '5', 'ETC', '2010-06-05', '2010-09-25', '15:30-17:30', 'Sat', '3500', '40', '30', null, '1', '0');
INSERT INTO `course_copy` VALUES ('42', 'BTS4062', 'Basic Econ-Math', '', 'คอร์ส เตรียมความพร้อมในการสอบตรง เข้าคณะเศรษฐศาสตร์ ภาคภาษาไทย และภาคภาษาอังกฤษ มหาวิทยาลัยธรรมศาสตร์ โดยจะปรับพื้นฐานคณิตศาสตร์ ม.4-ม.6 ', '1', '1', '2', 'MTH', '2010-06-05', '2010-09-25', '10:30-13:00', 'Sat', '3500', '40', '30', null, '1', '0');
INSERT INTO `course_copy` VALUES ('43', 'BTS4053', 'Apply Econ-Math', '', 'คอร์ส เตรียมความพร้อมในการสอบตรง เข้าคณะเศรษฐศาสตร์ ภาคภาษาไทย มหาวิทยาลัยธรรมศาสตร์ในคอร์สนี้น้องๆจะได้ตะลุยแนวข้อสอบเก่ากับรุ่นพี่ที่ผ่านโควต้าโดยตรง', '1', '1', '2', 'MTH', '2010-06-05', '2010-09-25', '13:00-15:30', 'Sat', '4000', '40', '30', null, '1', '0');
INSERT INTO `course_copy` VALUES ('44', 'BTS4037', 'Apply BE-Math', '', 'คอร์สเตรียมความพร้อมในการสอบตรงเข้าคณะเศรษฐศาสตร์ ภาคภาษาอังกฤษ มหาวิทยาลัยธรรมศาสตร์ โดยจะตะลุยแนวข้อสอบเก่าและและเทคนิคการตอบวิธีทำเป็นภาษาอังกฤษ', '1', '1', '2', 'MTH', '2010-06-06', '2010-09-26', '10:30-13:00', 'Sun', '4000', '40', '30', null, '1', '0');
INSERT INTO `course_copy` VALUES ('45', 'BTS4142', 'CU-AAT', '', 'คอร์สกวดวิชาเพื่อเตรียมความพร้อมในการสอบ CU-AAT โดยตรง โดยจะทบทวนความรู้และเสริมสร้างเทคนิคในการทำข้อสอบวิชาคณิตศาสตร์เป็นภาษาอังกฤษเหมาะกับน้องที่สนใจจะสมัครในคณะเศรษฐศาสตร์ภาคภาษาอังกฤษและพาณิชยการบัญชี', '1', '17', '9', 'ETC', '2010-06-20', '2010-09-05', '13:30-15:30', 'Sun', '3500', '40', '30', null, '1', '0');
INSERT INTO `course_copy` VALUES ('46', 'BTS4271', 'Progressive-English', '', 'คอร์ส เตรียมความพร้อม ในการสอบวิชาภาษาอังกฤษ โดยจะรวมเนื้อหาของภาษาอังกฤษ ตั้งแต่ ม.4-ม.6 ประกอบด้วยไวยากรณ์, เทคนิคการอ่าน และรากศัพท์ ', '1', '6', '5', 'ETC', '2010-10-06', '2010-10-21', '16:30-19:30', 'Mon', '3500', '40', '30', null, '1', '0');
INSERT INTO `course_copy` VALUES ('47', 'BTS4217', 'Intensive-Reading', '', 'คอร์สนี้สำหรับน้องๆที่ต้องการความชำนาญในไวยกรณ์และคำศัพท์โดยคอร์สนี้ได้นำลักษณะข้อสอบทางไวยกรณ์หลายๆรูปแบบมารวมกัน เพื่อที่จะสามารถนำไปใช้สอบ GAT, TU-GET, CU-GET, CU-AATและSAT', '1', '6', '5', 'ETC', '2010-10-06', '2010-10-20', '13:30-19:30', 'Mon', '3500', '40', '30', null, '1', '0');
INSERT INTO `course_copy` VALUES ('48', 'BTS4232', 'Intensive-Grammer', '', 'คอร์สนี้สำหรับน้องๆที่ต้องการความชำนาญในไวยกรณ์และคำศัพท์โดยคอร์สนี้ได้นำลักษณะข้อสอบทางไวยกรณ์หลายๆรูปแบบมารวมกัน เพื่อที่จะสามารถนำไปใช้สอบ GAT, TU-GET, CU-GET, CU-AATและSAT', '1', '6', '5', 'ETC', '2010-10-06', '2010-10-26', '10:30-12:30', 'Mon', '3500', '40', '30', null, '1', '0');
INSERT INTO `course_copy` VALUES ('49', 'BTS4054', 'Apply Econ-Math', '', 'คอร์ส เตรียมความพร้อมในการสอบตรง เข้าคณะเศรษฐศาสตร์ ภาคภาษาไทย มหาวิทยาลัยธรรมศาสตร์ในคอร์สนี้น้องๆจะได้ตะลุยแนวข้อสอบเก่ากับรุ่นพี่ที่ผ่านโควต้าโดยตรง', '1', '1', '2', 'MTH', '2010-10-01', '2010-10-27', '10:30-12:30', 'Mon', '4000', '40', '30', null, '1', '0');
INSERT INTO `course_copy` VALUES ('50', 'BTS4038', 'Apply BE-Math', '', 'คอร์สเตรียมความพร้อมในการสอบตรงเข้าคณะเศรษฐศาสตร์ ภาคภาษาอังกฤษ มหาวิทยาลัยธรรมศาสตร์ โดยจะตะลุยแนวข้อสอบเก่าและและเทคนิคการตอบวิธีทำเป็นภาษาอังกฤษ', '1', '1', '2', 'MTH', '2010-10-01', '2010-10-27', '10:30-12:30', 'Mon', '4000', '40', '30', null, '1', '0');
INSERT INTO `course_copy` VALUES ('51', 'BTS4272', 'Progressive-English', '', 'คอร์ส เตรียมความพร้อม ในการสอบวิชาภาษาอังกฤษ โดยจะรวมเนื้อหาของภาษาอังกฤษ ตั้งแต่ ม.4-ม.6 ประกอบด้วยไวยากรณ์, เทคนิคการอ่าน และรากศัพท์ ', '1', '6', '5', 'ETC', '2010-11-06', '2011-02-26', '10:30-12:30', 'Sat', '3500', '40', '30', null, '1', '0');
INSERT INTO `course_copy` VALUES ('52', 'TC00001', 'test course 1', 'test course 1', 'test course 1', '11', '1', '1', 'THAI', '2010-11-06', '2011-02-26', '08:00-10:00', 'Mon', '1000', '40', '30', null, '1', '0');
INSERT INTO `course_copy` VALUES ('53', 'TC0002', 'test course 2', 'test course 2', 'test course 2', '12', '17', '1', 'THAI', '2010-11-06', '2011-02-26', '08:00-10:00', 'Mon', '1000', '40', '30', null, '1', '0');

-- ----------------------------
-- Table structure for `paid_group`
-- ----------------------------
DROP TABLE IF EXISTS `paid_group`;
CREATE TABLE `paid_group` (
  `paid_group_id` int(10) unsigned NOT NULL,
  `name` varchar(100) NOT NULL DEFAULT '' COMMENT 'ex: ;100000:10;500000;20;1000000:30;',
  `rate_info` varchar(300) NOT NULL DEFAULT '' COMMENT 'ex: ;100000:10;500000;20;1000000:30;',
  `current_round` int(10) unsigned NOT NULL DEFAULT '1',
  PRIMARY KEY (`paid_group_id`),
  KEY `promotiom_id` (`paid_group_id`),
  KEY `course_id` (`rate_info`)
) ENGINE=InnoDB DEFAULT CHARSET=tis620;

-- ----------------------------
-- Records of paid_group
-- ----------------------------
INSERT INTO `paid_group` VALUES ('1', 'คณิตศาสตร์', '0:45;1000000:50;2000000:55', '0');
INSERT INTO `paid_group` VALUES ('2', 'วิทยาศาสตร์', '0:45;1000000:50;2000000:55', '0');
INSERT INTO `paid_group` VALUES ('3', 'ชีววิทยา', '0:45;1000000:50;2000000:55', '0');
INSERT INTO `paid_group` VALUES ('4', 'ฟิสิกส์', '0:45;1000000:50;2000000:55', '1');
INSERT INTO `paid_group` VALUES ('5', 'ภาษาอังกฤษ', '0:45;1000000:50;2000000:55', '1');
INSERT INTO `paid_group` VALUES ('6', 'สังคมศึกษา', '0:45;1000000:50;2000000:55', '0');
INSERT INTO `paid_group` VALUES ('7', 'ภาษาไทย', '0:45;1000000:50;2000000:55', '1');
INSERT INTO `paid_group` VALUES ('8', 'กลุ่ม DTL Group', '0:45;1000000:50;2000000:55', '0');
INSERT INTO `paid_group` VALUES ('9', 'กลุ่ม Unogo', '0:45;1000000:50;2000000:55', '0');
INSERT INTO `paid_group` VALUES ('10', 'กลุ่ม Smart-1', '0:45;1000000:50;2000000:55', '1');
INSERT INTO `paid_group` VALUES ('11', 'กลุ่ม Smart-2', '0:45;1000000:50;2000000:55', '1');
INSERT INTO `paid_group` VALUES ('12', 'กลุ่ม Smart-3', '0:45;1000000:50;2000000:55', '1');
INSERT INTO `paid_group` VALUES ('13', 'รัฐศาสตร์', '0:45;1000000:50;2000000:55', '1');
INSERT INTO `paid_group` VALUES ('132', 'test group 132', '0:10', '0');

-- ----------------------------
-- Table structure for `paid_group_teacher_mapping`
-- ----------------------------
DROP TABLE IF EXISTS `paid_group_teacher_mapping`;
CREATE TABLE `paid_group_teacher_mapping` (
  `paid_group_id` int(10) unsigned NOT NULL,
  `teacher_id` int(10) unsigned NOT NULL,
  PRIMARY KEY (`paid_group_id`,`teacher_id`),
  KEY `paid_group_id` (`paid_group_id`) USING BTREE,
  KEY `teacher_id` (`teacher_id`) USING BTREE
) ENGINE=InnoDB DEFAULT CHARSET=tis620;

-- ----------------------------
-- Records of paid_group_teacher_mapping
-- ----------------------------
INSERT INTO `paid_group_teacher_mapping` VALUES ('1', '1');
INSERT INTO `paid_group_teacher_mapping` VALUES ('1', '2');
INSERT INTO `paid_group_teacher_mapping` VALUES ('1', '3');
INSERT INTO `paid_group_teacher_mapping` VALUES ('1', '5');
INSERT INTO `paid_group_teacher_mapping` VALUES ('2', '1');
INSERT INTO `paid_group_teacher_mapping` VALUES ('3', '1');
INSERT INTO `paid_group_teacher_mapping` VALUES ('3', '2');
INSERT INTO `paid_group_teacher_mapping` VALUES ('3', '3');
INSERT INTO `paid_group_teacher_mapping` VALUES ('3', '4');
INSERT INTO `paid_group_teacher_mapping` VALUES ('3', '5');
INSERT INTO `paid_group_teacher_mapping` VALUES ('4', '1');
INSERT INTO `paid_group_teacher_mapping` VALUES ('5', '1');
INSERT INTO `paid_group_teacher_mapping` VALUES ('6', '6');
INSERT INTO `paid_group_teacher_mapping` VALUES ('6', '20');
INSERT INTO `paid_group_teacher_mapping` VALUES ('8', '27');
INSERT INTO `paid_group_teacher_mapping` VALUES ('8', '28');
INSERT INTO `paid_group_teacher_mapping` VALUES ('9', '18');
INSERT INTO `paid_group_teacher_mapping` VALUES ('9', '22');
INSERT INTO `paid_group_teacher_mapping` VALUES ('132', '1');

-- ----------------------------
-- Table structure for `payment`
-- ----------------------------
DROP TABLE IF EXISTS `payment`;
CREATE TABLE `payment` (
  `course_id` int(10) unsigned NOT NULL DEFAULT '0',
  `last_paid_date` datetime NOT NULL,
  `sum_all_cost` int(10) unsigned NOT NULL COMMENT 'equal cost if no promotion',
  `sum_max_payable` int(10) unsigned NOT NULL COMMENT 'equal cost if no promotion',
  `sum_paid_cost` int(10) unsigned NOT NULL COMMENT 'equal cost if no promotion',
  `status` int(10) unsigned NOT NULL DEFAULT '0' COMMENT '0=valid 1=cancelled',
  `paid_round` int(10) unsigned NOT NULL DEFAULT '0' COMMENT 'round to calculate accumulate income. will be increase once reset income.',
  PRIMARY KEY (`course_id`),
  KEY `course_id` (`course_id`)
) ENGINE=InnoDB DEFAULT CHARSET=tis620;

-- ----------------------------
-- Records of payment
-- ----------------------------
INSERT INTO `payment` VALUES ('1', '2011-02-15 22:23:19', '62000', '27900', '0', '0', '0');
INSERT INTO `payment` VALUES ('2', '2011-02-15 22:23:19', '30666', '13799', '0', '0', '0');
INSERT INTO `payment` VALUES ('3', '2011-02-13 13:30:41', '25000', '11250', '11250', '0', '0');
INSERT INTO `payment` VALUES ('4', '2010-10-03 22:11:38', '16500', '7425', '0', '0', '0');
INSERT INTO `payment` VALUES ('5', '2010-10-03 22:11:38', '5500', '2475', '0', '0', '0');
INSERT INTO `payment` VALUES ('6', '2010-10-03 22:11:38', '11000', '4950', '0', '0', '0');
INSERT INTO `payment` VALUES ('7', '2011-02-13 13:38:49', '10000', '4500', '2250', '0', '0');
INSERT INTO `payment` VALUES ('8', '2011-02-13 13:39:44', '5000', '2250', '0', '0', '0');
INSERT INTO `payment` VALUES ('9', '2010-10-03 22:11:38', '27000', '12150', '0', '0', '0');
INSERT INTO `payment` VALUES ('10', '2010-10-03 22:11:38', '13500', '6075', '0', '0', '0');
INSERT INTO `payment` VALUES ('11', '2010-09-05 22:26:14', '8000', '3600', '0', '0', '0');
INSERT INTO `payment` VALUES ('12', '2010-09-05 22:26:13', '8000', '3600', '0', '0', '1');
INSERT INTO `payment` VALUES ('13', '2011-02-13 13:13:30', '11001', '4950', '0', '0', '0');
INSERT INTO `payment` VALUES ('14', '2010-09-05 22:26:14', '20000', '9000', '0', '0', '0');
INSERT INTO `payment` VALUES ('15', '2011-02-13 13:13:30', '10000', '4500', '0', '0', '0');
INSERT INTO `payment` VALUES ('16', '2011-02-13 13:13:30', '17740', '7983', '0', '0', '0');
INSERT INTO `payment` VALUES ('17', '2011-02-13 13:13:30', '9000', '4050', '0', '0', '0');
INSERT INTO `payment` VALUES ('18', '2010-09-05 22:26:14', '0', '0', '0', '0', '0');
INSERT INTO `payment` VALUES ('19', '2011-02-15 22:23:19', '0', '0', '0', '0', '0');
INSERT INTO `payment` VALUES ('20', '2011-02-15 22:23:19', '0', '0', '0', '0', '0');
INSERT INTO `payment` VALUES ('21', '2011-02-15 22:23:19', '0', '0', '0', '0', '0');
INSERT INTO `payment` VALUES ('22', '2011-02-15 22:23:19', '0', '0', '0', '0', '0');
INSERT INTO `payment` VALUES ('23', '2011-02-15 22:23:19', '0', '0', '0', '0', '0');
INSERT INTO `payment` VALUES ('24', '2011-02-15 22:23:19', '0', '0', '0', '0', '0');
INSERT INTO `payment` VALUES ('25', '2011-02-15 22:23:19', '0', '0', '0', '0', '0');
INSERT INTO `payment` VALUES ('26', '2010-09-01 12:07:21', '2000', '900', '900', '0', '0');
INSERT INTO `payment` VALUES ('27', '2011-02-15 22:23:19', '0', '0', '0', '0', '0');
INSERT INTO `payment` VALUES ('28', '2011-02-15 22:23:19', '0', '0', '0', '0', '0');
INSERT INTO `payment` VALUES ('29', '2011-02-15 22:23:19', '0', '0', '0', '0', '0');
INSERT INTO `payment` VALUES ('30', '2011-02-15 22:23:19', '0', '0', '0', '0', '0');
INSERT INTO `payment` VALUES ('31', '2011-02-15 22:23:19', '0', '0', '0', '0', '0');
INSERT INTO `payment` VALUES ('32', '2011-02-15 22:23:19', '0', '0', '0', '0', '0');
INSERT INTO `payment` VALUES ('33', '2011-02-15 22:23:19', '0', '0', '0', '0', '0');
INSERT INTO `payment` VALUES ('34', '2011-02-15 22:23:19', '0', '0', '0', '0', '0');
INSERT INTO `payment` VALUES ('35', '2011-02-15 22:23:19', '0', '0', '0', '0', '0');
INSERT INTO `payment` VALUES ('36', '2011-02-15 22:23:19', '0', '0', '0', '0', '0');
INSERT INTO `payment` VALUES ('37', '2011-02-15 22:23:19', '0', '0', '0', '0', '0');
INSERT INTO `payment` VALUES ('38', '2010-07-12 02:32:08', '0', '0', '0', '0', '0');
INSERT INTO `payment` VALUES ('39', '2010-07-12 02:32:08', '0', '0', '0', '0', '0');
INSERT INTO `payment` VALUES ('40', '2010-07-12 02:32:08', '0', '0', '0', '0', '0');
INSERT INTO `payment` VALUES ('41', '2010-07-12 02:32:08', '0', '0', '0', '0', '0');
INSERT INTO `payment` VALUES ('42', '2010-09-05 22:26:14', '0', '0', '0', '0', '0');
INSERT INTO `payment` VALUES ('43', '2010-09-05 22:26:14', '0', '0', '0', '0', '0');
INSERT INTO `payment` VALUES ('44', '2010-09-05 22:26:14', '3500', '1575', '0', '0', '0');
INSERT INTO `payment` VALUES ('45', '2010-10-03 22:11:38', '0', '0', '0', '0', '0');
INSERT INTO `payment` VALUES ('46', '2010-07-12 02:32:08', '0', '0', '0', '0', '0');
INSERT INTO `payment` VALUES ('47', '2010-07-12 02:32:08', '0', '0', '0', '0', '0');
INSERT INTO `payment` VALUES ('48', '2010-07-12 02:32:08', '0', '0', '0', '0', '0');
INSERT INTO `payment` VALUES ('49', '2010-09-05 22:26:14', '0', '0', '0', '0', '0');
INSERT INTO `payment` VALUES ('50', '2010-09-05 22:26:14', '3000', '1350', '0', '0', '0');
INSERT INTO `payment` VALUES ('51', '2010-07-12 02:32:08', '0', '0', '0', '0', '0');
INSERT INTO `payment` VALUES ('52', '2011-02-13 13:39:44', '1000800', '451150', '0', '0', '0');
INSERT INTO `payment` VALUES ('53', '2010-09-04 20:04:22', '101000', '50500', '1200', '0', '0');
INSERT INTO `payment` VALUES ('55', '2011-02-13 13:39:44', '0', '0', '0', '0', '0');
INSERT INTO `payment` VALUES ('56', '2011-02-13 00:00:00', '0', '0', '0', '1', '0');
INSERT INTO `payment` VALUES ('57', '2011-02-13 00:00:00', '0', '0', '0', '1', '0');
INSERT INTO `payment` VALUES ('58', '2011-02-13 00:00:00', '0', '0', '0', '1', '0');
INSERT INTO `payment` VALUES ('59', '2011-02-13 13:39:44', '0', '0', '0', '0', '0');

-- ----------------------------
-- Table structure for `payment_history`
-- ----------------------------
DROP TABLE IF EXISTS `payment_history`;
CREATE TABLE `payment_history` (
  `payment_id` int(10) unsigned NOT NULL AUTO_INCREMENT,
  `course_id` int(10) unsigned NOT NULL DEFAULT '0',
  `paid_date` datetime NOT NULL,
  `paid_cost` int(10) unsigned NOT NULL COMMENT 'equal cost if no promotion',
  `sum_all_cost` int(10) unsigned NOT NULL COMMENT 'equal cost if no promotion',
  `sum_max_payable` int(10) unsigned NOT NULL COMMENT 'equal cost if no promotion',
  `sum_paid_cost` int(10) unsigned NOT NULL COMMENT 'equal cost if no promotion',
  `cost_info` varchar(100) NOT NULL,
  `branch_id` int(10) unsigned NOT NULL COMMENT 'transaction at which branch',
  `paid_round` int(10) unsigned NOT NULL DEFAULT '0' COMMENT 'round to calculate accumulate income. will be increase once reset income.',
  `receiver_teacher_id` int(10) NOT NULL DEFAULT '0',
  `username` varchar(50) NOT NULL,
  PRIMARY KEY (`payment_id`),
  KEY `course_id` (`payment_id`)
) ENGINE=InnoDB AUTO_INCREMENT=7 DEFAULT CHARSET=tis620;

-- ----------------------------
-- Records of payment_history
-- ----------------------------
INSERT INTO `payment_history` VALUES ('1', '53', '2010-09-01 12:00:53', '100', '101000', '50500', '0', '0:45;1000000:50;2000000:55', '1', '0', '1', 'netta');
INSERT INTO `payment_history` VALUES ('2', '26', '2010-09-01 12:07:21', '900', '2000', '900', '0', '0:45;1000000:50;2000000:55', '1', '0', '27', 'netta');
INSERT INTO `payment_history` VALUES ('3', '53', '2010-09-04 17:58:51', '100', '101000', '50500', '100', '0:45;1000000:50;2000000:55', '2', '0', '1', 'netta');
INSERT INTO `payment_history` VALUES ('4', '53', '2010-09-04 20:04:22', '1000', '101000', '50500', '200', '0:45;1000000:50;2000000:55', '2', '0', '2', 'netta');
INSERT INTO `payment_history` VALUES ('5', '3', '2011-02-13 13:30:41', '11250', '25000', '11250', '0', '0:45;1000000:50;2000000:55', '1', '0', '27', 'netta');
INSERT INTO `payment_history` VALUES ('6', '7', '2011-02-13 13:38:49', '2250', '5000', '2250', '0', '0:45;1000000:50;2000000:55', '1', '0', '1', 'netta');

-- ----------------------------
-- Table structure for `promotion`
-- ----------------------------
DROP TABLE IF EXISTS `promotion`;
CREATE TABLE `promotion` (
  `promotion_id` int(10) unsigned NOT NULL AUTO_INCREMENT,
  `promotion_name` varchar(100) NOT NULL,
  `promotion_desc` varchar(1000) NOT NULL,
  `cost` int(10) unsigned NOT NULL DEFAULT '0',
  `is_active` int(4) NOT NULL DEFAULT '1',
  `is_paid` int(11) NOT NULL DEFAULT '0' COMMENT '0=notpaid 1=paid',
  PRIMARY KEY (`promotion_id`)
) ENGINE=InnoDB AUTO_INCREMENT=12 DEFAULT CHARSET=tis620;

-- ----------------------------
-- Records of promotion
-- ----------------------------
INSERT INTO `promotion` VALUES ('1', 'pro001', 'APPLY', '14000', '1', '0');
INSERT INTO `promotion` VALUES ('2', 'pro002', 'APPLY', '5000', '0', '0');
INSERT INTO `promotion` VALUES ('3', 'pro003', 'Apply BE-Math', '4000', '1', '0');
INSERT INTO `promotion` VALUES ('4', 'test', '', '0', '1', '0');
INSERT INTO `promotion` VALUES ('11', 'bbbb', '', '0', '1', '0');

-- ----------------------------
-- Table structure for `promotion_course_mapping`
-- ----------------------------
DROP TABLE IF EXISTS `promotion_course_mapping`;
CREATE TABLE `promotion_course_mapping` (
  `promotion_id` int(10) unsigned NOT NULL,
  `course_id` int(10) unsigned NOT NULL,
  PRIMARY KEY (`promotion_id`,`course_id`),
  KEY `promotiom_id` (`promotion_id`),
  KEY `course_id` (`course_id`)
) ENGINE=InnoDB DEFAULT CHARSET=tis620;

-- ----------------------------
-- Records of promotion_course_mapping
-- ----------------------------
INSERT INTO `promotion_course_mapping` VALUES ('0', '1');
INSERT INTO `promotion_course_mapping` VALUES ('0', '42');
INSERT INTO `promotion_course_mapping` VALUES ('1', '43');
INSERT INTO `promotion_course_mapping` VALUES ('1', '44');
INSERT INTO `promotion_course_mapping` VALUES ('1', '49');
INSERT INTO `promotion_course_mapping` VALUES ('1', '50');
INSERT INTO `promotion_course_mapping` VALUES ('2', '1');
INSERT INTO `promotion_course_mapping` VALUES ('2', '42');
INSERT INTO `promotion_course_mapping` VALUES ('2', '43');
INSERT INTO `promotion_course_mapping` VALUES ('2', '49');
INSERT INTO `promotion_course_mapping` VALUES ('3', '44');
INSERT INTO `promotion_course_mapping` VALUES ('3', '50');
INSERT INTO `promotion_course_mapping` VALUES ('4', '43');
INSERT INTO `promotion_course_mapping` VALUES ('4', '44');
INSERT INTO `promotion_course_mapping` VALUES ('11', '44');
INSERT INTO `promotion_course_mapping` VALUES ('11', '50');

-- ----------------------------
-- Table structure for `registration`
-- ----------------------------
DROP TABLE IF EXISTS `registration`;
CREATE TABLE `registration` (
  `regis_id` int(10) unsigned NOT NULL AUTO_INCREMENT COMMENT 'uniqe per course/pro - student',
  `transaction_id` int(10) unsigned NOT NULL DEFAULT '0' COMMENT 'one transaction consists of multiple register_id',
  `regis_date` datetime NOT NULL,
  `student_id` int(10) unsigned NOT NULL,
  `course_id` int(10) unsigned NOT NULL DEFAULT '0',
  `discounted_cost` int(10) unsigned NOT NULL COMMENT 'cost after discount. will be devided by ratio if registered by promotion',
  `promotion_id` int(10) unsigned NOT NULL DEFAULT '0' COMMENT '=0 if register by course. no promotion',
  `full_cost` int(10) unsigned NOT NULL COMMENT 'equal cost if no promotion',
  `seat_no` varchar(20) DEFAULT '',
  `note` varchar(200) NOT NULL DEFAULT '',
  `branch_id` int(10) unsigned NOT NULL COMMENT 'transaction at which branch',
  `paid_method` int(10) unsigned NOT NULL DEFAULT '0' COMMENT 'Cash=0, Transfer=1, Credit=2, SCB=3',
  `paid_round` int(10) unsigned NOT NULL DEFAULT '0' COMMENT 'round to calculate accumulate income. will be increase once reset income.',
  `username` varchar(50) NOT NULL DEFAULT '',
  `is_paid` int(10) unsigned NOT NULL DEFAULT '0',
  `status` int(10) unsigned NOT NULL DEFAULT '0' COMMENT '0=valid 1=cancelled',
  PRIMARY KEY (`regis_id`),
  KEY `promotiom_id` (`student_id`),
  KEY `course_id` (`course_id`)
) ENGINE=InnoDB AUTO_INCREMENT=87 DEFAULT CHARSET=tis620;

-- ----------------------------
-- Records of registration
-- ----------------------------
INSERT INTO `registration` VALUES ('16', '2', '2010-07-14 23:47:45', '3', '8', '5000', '0', '5000', '', '', '1', '0', '0', 'netta', '1', '0');
INSERT INTO `registration` VALUES ('17', '2', '2010-07-14 23:47:45', '3', '1', '2000', '0', '5000', '', '', '1', '1', '0', 'netta', '0', '1');
INSERT INTO `registration` VALUES ('18', '2', '2010-07-14 23:47:45', '3', '16', '2740', '0', '5000', '', 'เพื่อนกัน คิดสองเท่า\r\n\r\nแก้ไข', '1', '2', '0', 'netta', '1', '0');
INSERT INTO `registration` VALUES ('19', '2', '2010-07-14 23:47:45', '3', '26', '2000', '0', '4000', '', '', '1', '3', '0', 'netta', '1', '0');
INSERT INTO `registration` VALUES ('20', '2', '2010-07-14 23:47:45', '3', '14', '5000', '0', '5000', '', '', '1', '2', '0', 'netta', '1', '0');
INSERT INTO `registration` VALUES ('21', '3', '2010-07-26 20:40:39', '1', '44', '2000', '3', '2000', '', '', '1', '0', '0', 'netta', '1', '0');
INSERT INTO `registration` VALUES ('22', '3', '2010-07-26 20:40:39', '1', '50', '2000', '3', '2000', '', '', '1', '0', '0', 'netta', '1', '0');
INSERT INTO `registration` VALUES ('23', '4', '2010-07-26 20:43:40', '1', '44', '1500', '3', '2000', '', '', '1', '0', '0', 'netta', '1', '0');
INSERT INTO `registration` VALUES ('24', '4', '2010-07-26 20:43:40', '1', '50', '1000', '3', '2000', '', '', '1', '0', '0', 'netta', '0', '1');
INSERT INTO `registration` VALUES ('25', '5', '2010-08-29 21:00:57', '1', '52', '800', '0', '1000', '456', '', '1', '0', '0', 'netta', '1', '0');
INSERT INTO `registration` VALUES ('26', '6', '2010-08-29 21:02:45', '1', '52', '1000000', '0', '1000', '', '', '1', '0', '0', 'netta', '1', '0');
INSERT INTO `registration` VALUES ('27', '7', '2010-08-29 21:04:29', '1', '53', '100000', '0', '1000', '', '', '1', '0', '0', 'netta', '1', '0');
INSERT INTO `registration` VALUES ('32', '8', '2010-09-01 11:06:53', '2', '53', '1000', '0', '1000', '', '', '1', '0', '0', 'netta', '1', '0');
INSERT INTO `registration` VALUES ('33', '9', '2010-09-01 11:37:19', '2', '1', '5000', '0', '5000', '', '', '1', '0', '0', 'netta', '1', '0');
INSERT INTO `registration` VALUES ('34', '9', '2010-09-01 11:37:19', '2', '2', '4000', '0', '5000', '', '', '1', '0', '0', 'netta', '1', '0');
INSERT INTO `registration` VALUES ('35', '9', '2010-09-01 11:37:19', '2', '3', '5000', '0', '5000', '', '', '1', '0', '0', 'netta', '1', '0');
INSERT INTO `registration` VALUES ('36', '10', '2010-09-01 11:38:29', '1', '6', '5500', '0', '5500', '', '', '1', '0', '0', 'netta', '1', '0');
INSERT INTO `registration` VALUES ('37', '11', '2010-09-01 11:39:36', '2', '1', '5000', '0', '5000', '', '111111', '1', '0', '0', 'netta', '1', '0');
INSERT INTO `registration` VALUES ('38', '11', '2010-09-01 11:39:36', '2', '2', '1666', '0', '5000', '', 'dsfgdfgdfg', '1', '0', '0', 'netta', '1', '0');
INSERT INTO `registration` VALUES ('39', '11', '2010-09-01 11:39:36', '2', '3', '5000', '0', '5000', '', '[20/01/11]\r\nกหดกหดกหดเกดเกดเ\r\n\r\n[14/02/11]\r\nแก้ไข\r\n                        ', '1', '0', '0', 'netta', '0', '0');
INSERT INTO `registration` VALUES ('40', '12', '2010-09-01 11:51:02', '1', '1', '5000', '0', '5000', '', '', '2', '0', '0', 'netta', '1', '0');
INSERT INTO `registration` VALUES ('41', '12', '2010-09-01 11:51:02', '1', '2', '5000', '0', '5000', '', '', '2', '0', '0', 'netta', '1', '0');
INSERT INTO `registration` VALUES ('42', '12', '2010-09-01 11:51:02', '1', '3', '5000', '0', '5000', '', '', '2', '0', '0', 'netta', '1', '0');
INSERT INTO `registration` VALUES ('43', '12', '2010-09-01 13:25:46', '2', '4', '5500', '0', '5500', '', '', '1', '0', '0', 'netta', '1', '0');
INSERT INTO `registration` VALUES ('44', '13', '2010-09-04 15:56:25', '2', '1', '5000', '0', '5000', '', '', '2', '0', '0', 'front2', '1', '0');
INSERT INTO `registration` VALUES ('45', '13', '2010-09-04 15:56:25', '2', '4', '5500', '0', '5500', '', '', '2', '0', '0', 'front2', '1', '0');
INSERT INTO `registration` VALUES ('46', '13', '2010-09-04 15:56:25', '2', '7', '5000', '0', '5000', '', '', '2', '0', '0', 'front2', '1', '0');
INSERT INTO `registration` VALUES ('47', '13', '2010-09-04 17:31:45', '1', '1', '5000', '0', '5000', '', '', '1', '0', '0', 'netta', '1', '0');
INSERT INTO `registration` VALUES ('48', '14', '2010-09-04 17:32:04', '1', '2', '5000', '0', '5000', '', '', '1', '0', '0', 'netta', '1', '0');
INSERT INTO `registration` VALUES ('49', '15', '2010-09-04 17:34:13', '2', '2', '5000', '0', '5000', '', '', '1', '0', '0', 'netta', '1', '0');
INSERT INTO `registration` VALUES ('50', '14', '2010-09-04 17:35:00', '2', '1', '5000', '0', '5000', '', 'test123', '2', '0', '0', 'netta', '1', '0');
INSERT INTO `registration` VALUES ('51', '15', '2010-09-04 17:35:37', '2', '1', '5000', '0', '5000', '', '', '2', '0', '0', 'netta', '1', '0');
INSERT INTO `registration` VALUES ('52', '16', '2010-09-04 17:37:28', '1', '3', '5000', '0', '5000', '', '', '2', '0', '0', 'netta', '1', '0');
INSERT INTO `registration` VALUES ('53', '17', '2010-09-04 17:45:10', '1', '1', '5000', '0', '5000', '', '', '2', '0', '0', 'netta', '1', '0');
INSERT INTO `registration` VALUES ('54', '16', '2010-09-04 21:32:16', '18', '1', '5000', '0', '5000', '', '', '1', '0', '0', 'netta', '1', '0');
INSERT INTO `registration` VALUES ('55', '18', '2010-09-04 21:33:25', '21', '1', '5000', '0', '5000', '', '', '2', '0', '0', 'netta', '1', '0');
INSERT INTO `registration` VALUES ('56', '17', '2010-09-05 21:12:22', '3', '6', '5500', '0', '5500', '', '', '1', '0', '0', 'netta', '1', '0');
INSERT INTO `registration` VALUES ('57', '17', '2010-09-05 21:12:22', '3', '13', '4000', '0', '4000', '', '', '1', '0', '0', 'netta', '1', '0');
INSERT INTO `registration` VALUES ('58', '17', '2010-09-05 21:12:22', '3', '17', '3000', '0', '3000', '', '', '1', '0', '0', 'netta', '1', '0');
INSERT INTO `registration` VALUES ('59', '17', '2010-09-05 21:12:22', '3', '16', '5000', '0', '5000', '', '', '1', '0', '0', 'netta', '1', '0');
INSERT INTO `registration` VALUES ('60', '17', '2010-09-05 21:12:22', '3', '14', '5000', '0', '5000', '', '', '1', '0', '0', 'netta', '1', '0');
INSERT INTO `registration` VALUES ('61', '17', '2010-09-05 21:12:22', '3', '9', '13500', '0', '13500', '', '', '1', '0', '0', 'netta', '1', '0');
INSERT INTO `registration` VALUES ('62', '17', '2010-09-05 21:12:22', '3', '10', '13500', '0', '13500', '', '', '1', '0', '0', 'netta', '1', '0');
INSERT INTO `registration` VALUES ('63', '18', '2010-09-05 21:14:42', '3', '17', '3000', '0', '3000', '', '', '1', '0', '0', 'netta', '1', '0');
INSERT INTO `registration` VALUES ('64', '18', '2010-09-05 21:14:42', '3', '16', '5000', '0', '5000', '', '', '1', '0', '0', 'netta', '1', '0');
INSERT INTO `registration` VALUES ('65', '18', '2010-09-05 21:14:42', '3', '15', '5000', '0', '5000', '', '', '1', '0', '0', 'netta', '1', '0');
INSERT INTO `registration` VALUES ('66', '18', '2010-09-05 21:14:42', '3', '14', '5000', '0', '5000', '', '', '1', '0', '0', 'netta', '1', '0');
INSERT INTO `registration` VALUES ('67', '18', '2010-09-05 21:14:42', '3', '13', '3001', '0', '24000', '', '', '1', '0', '0', 'netta', '1', '0');
INSERT INTO `registration` VALUES ('68', '18', '2010-09-05 21:14:42', '3', '12', '4000', '0', '4000', '', '', '1', '0', '0', 'netta', '1', '0');
INSERT INTO `registration` VALUES ('69', '18', '2010-09-05 21:14:42', '3', '11', '4000', '0', '4000', '', '', '1', '0', '0', 'netta', '1', '0');
INSERT INTO `registration` VALUES ('70', '19', '2010-09-05 22:26:13', '3', '11', '4000', '0', '4000', '', '', '1', '0', '0', 'netta', '1', '0');
INSERT INTO `registration` VALUES ('71', '19', '2010-09-05 22:26:13', '3', '12', '4000', '0', '4000', '', '', '1', '0', '0', 'netta', '1', '0');
INSERT INTO `registration` VALUES ('72', '19', '2010-09-05 22:26:13', '3', '13', '4000', '0', '4000', '', '', '1', '0', '0', 'netta', '1', '0');
INSERT INTO `registration` VALUES ('73', '19', '2010-09-05 22:26:13', '3', '14', '5000', '0', '5000', '', '', '1', '0', '0', 'netta', '1', '0');
INSERT INTO `registration` VALUES ('74', '19', '2010-09-05 22:26:13', '3', '15', '5000', '0', '5000', '', '', '1', '0', '0', 'netta', '1', '0');
INSERT INTO `registration` VALUES ('75', '19', '2010-09-05 22:26:13', '3', '16', '5000', '0', '5000', '', '', '1', '0', '0', 'netta', '1', '0');
INSERT INTO `registration` VALUES ('76', '19', '2010-09-05 22:26:13', '3', '17', '3000', '0', '3000', '', '', '1', '0', '0', 'netta', '1', '0');
INSERT INTO `registration` VALUES ('77', '19', '2010-09-07 22:17:45', '3', '4', '5500', '0', '5500', '', '', '2', '0', '0', 'netta', '1', '0');
INSERT INTO `registration` VALUES ('78', '20', '2010-09-07 22:25:37', '12', '9', '13500', '0', '13500', '', '', '2', '0', '0', 'netta', '1', '0');
INSERT INTO `registration` VALUES ('79', '20', '2010-09-22 15:45:42', '4', '3', '5000', '0', '5000', '', '', '1', '0', '0', 'netta', '1', '0');
INSERT INTO `registration` VALUES ('80', '20', '2010-09-22 15:45:42', '4', '2', '5000', '0', '5000', '', '', '1', '0', '0', 'netta', '1', '0');
INSERT INTO `registration` VALUES ('81', '20', '2010-09-22 15:45:42', '4', '1', '5000', '0', '5000', '', '', '1', '0', '0', 'netta', '1', '0');
INSERT INTO `registration` VALUES ('82', '21', '2010-10-03 19:14:09', '25', '1', '5000', '0', '5000', '', '', '1', '0', '0', 'netta', '1', '0');
INSERT INTO `registration` VALUES ('83', '21', '2010-10-03 19:14:09', '25', '2', '5000', '0', '5000', '', '', '1', '0', '0', 'netta', '1', '0');
INSERT INTO `registration` VALUES ('84', '22', '2010-10-03 22:11:38', '26', '5', '5500', '0', '5500', '', '', '1', '0', '0', 'netta', '1', '0');
INSERT INTO `registration` VALUES ('85', '23', '2011-02-13 13:39:44', '2', '7', '5000', '0', '5000', '', '', '1', '0', '0', 'netta', '1', '0');
INSERT INTO `registration` VALUES ('86', '24', '2011-02-15 22:22:47', '1', '1', '0', '0', '5000', '', '', '1', '0', '0', 'netta', '1', '1');

-- ----------------------------
-- Table structure for `role`
-- ----------------------------
DROP TABLE IF EXISTS `role`;
CREATE TABLE `role` (
  `role_id` int(10) unsigned NOT NULL AUTO_INCREMENT,
  `name` varchar(50) DEFAULT NULL,
  PRIMARY KEY (`role_id`)
) ENGINE=InnoDB AUTO_INCREMENT=4 DEFAULT CHARSET=tis620;

-- ----------------------------
-- Records of role
-- ----------------------------
INSERT INTO `role` VALUES ('1', 'Admin');
INSERT INTO `role` VALUES ('2', 'Management');
INSERT INTO `role` VALUES ('3', 'Front Staff');

-- ----------------------------
-- Table structure for `room`
-- ----------------------------
DROP TABLE IF EXISTS `room`;
CREATE TABLE `room` (
  `room_id` int(10) unsigned NOT NULL AUTO_INCREMENT,
  `name` varchar(45) NOT NULL,
  `branch_id` int(10) unsigned NOT NULL,
  `seat_no` int(10) NOT NULL DEFAULT '40',
  `img` varchar(50) NOT NULL DEFAULT 'noimg.jpg',
  `description` varchar(200) NOT NULL DEFAULT '-',
  PRIMARY KEY (`room_id`),
  KEY `FK_room_brach_id` (`branch_id`),
  CONSTRAINT `FK_room_brach_id` FOREIGN KEY (`branch_id`) REFERENCES `branch` (`branch_id`)
) ENGINE=InnoDB AUTO_INCREMENT=15 DEFAULT CHARSET=tis620;

-- ----------------------------
-- Records of room
-- ----------------------------
INSERT INTO `room` VALUES ('1', 'สีลม 1', '1', '100', 'noimg.jpg', 'อัดวีดีโอได้\r\nต่อคอมพิวเตอร์เพื่อฉายเข้าทีวีได้\r\nถ่ายทอดไปห้อง 2 และ 3 ได้\r\nบอร์ดปกติ');
INSERT INTO `room` VALUES ('2', 'สีลม 2', '1', '80', 'noimg.jpg', 'อัดวีดีโอได้\r\nต่อคอมพิวเตอร์เพื่อฉายเข้าทีวีได้\r\nบอร์ดปกติ');
INSERT INTO `room` VALUES ('3', 'สีลม 3', '1', '50', 'noimg.jpg', 'อัดวีดีโอได้\r\nต่อคอมพิวเตอร์เพื่อฉายเข้าทีวีได้\r\nบอร์ดปกติ');
INSERT INTO `room` VALUES ('4', 'สีลม 4', '1', '25', 'noimg.jpg', 'บอร์ดปกติ');
INSERT INTO `room` VALUES ('5', 'สีลม 5', '1', '10', 'noimg.jpg', 'ต่อคอมพิวเตอร์เพื่อฉายเข้าทีวีได้');
INSERT INTO `room` VALUES ('6', 'สีลม 6', '1', '30', 'noimg.jpg', 'มีแอคทิฟบอร์ด\r\nมีโปรเจคเตอร์\r\nมีคอมพิวเตอร์');
INSERT INTO `room` VALUES ('7', 'สีลม 7', '1', '25', 'noimg.jpg', 'อัดวีดีโอได้\r\nบอร์ดปกติ');
INSERT INTO `room` VALUES ('8', 'สีลม 8', '1', '10', 'noimg.jpg', 'บอร์ดปกติ');
INSERT INTO `room` VALUES ('9', 'สีลม 9', '1', '30', 'noimg.jpg', 'อัดวีดีโอได้\r\nถ่ายทอดไปห้อง 3 ได้\r\nบอร์ดปกติ');
INSERT INTO `room` VALUES ('10', 'สีลม 10', '1', '30', 'noimg.jpg', 'อัดวีดีโอได้\r\nบอร์ดปกติ');
INSERT INTO `room` VALUES ('11', 'สยาม 1', '2', '27', 'noimg.jpg', 'มีแอคทิฟบอร์ด\r\nมีโปรเจคเตอร์\r\nมีคอมพิวเตอร์');
INSERT INTO `room` VALUES ('12', 'สยาม 2', '2', '27', 'noimg.jpg', 'มีแอคทิฟบอร์ด\r\nมีโปรเจคเตอร์\r\nมีคอมพิวเตอร์');
INSERT INTO `room` VALUES ('13', 'สยาม 3', '2', '36', 'noimg.jpg', 'มีแอคทิฟบอร์ด\r\nมีโปรเจคเตอร์\r\nมีคอมพิวเตอร์');
INSERT INTO `room` VALUES ('14', 'สยาม 4', '2', '20', 'noimg.jpg', 'มีแอคทิฟบอร์ด\r\nมีโปรเจคเตอร์\r\nมีคอมพิวเตอร์');

-- ----------------------------
-- Table structure for `student`
-- ----------------------------
DROP TABLE IF EXISTS `student`;
CREATE TABLE `student` (
  `student_id` int(10) unsigned NOT NULL AUTO_INCREMENT,
  `firstname` varchar(50) NOT NULL,
  `surname` varchar(50) NOT NULL,
  `nickname` varchar(20) NOT NULL,
  `tel` varchar(30) NOT NULL,
  `citizen_id` varchar(20) NOT NULL DEFAULT '',
  `email` varchar(50) NOT NULL,
  `school` varchar(50) DEFAULT NULL,
  `quiz` varchar(250) NOT NULL DEFAULT '' COMMENT '1;2;3;6:xxxxxxxx',
  `level` int(4) NOT NULL DEFAULT '1',
  `sex` varchar(6) NOT NULL,
  `birthday` date DEFAULT NULL,
  `addr` varchar(100) DEFAULT '''-''',
  `image` varchar(50) DEFAULT NULL,
  `create_date` date DEFAULT NULL,
  `is_active` int(4) NOT NULL DEFAULT '1',
  PRIMARY KEY (`student_id`)
) ENGINE=InnoDB AUTO_INCREMENT=36 DEFAULT CHARSET=tis620;

-- ----------------------------
-- Records of student
-- ----------------------------
INSERT INTO `student` VALUES ('1', '111', '222', '333', '0145', '', '', '', '1:;3:;5:sdfdsf;6:อาม่าบอกมา', '0', 'Male', '1997-10-08', '', 'noimg.jpg', '0544-01-01', '1');
INSERT INTO `student` VALUES ('2', 'ddd', 'dddd', '', '0845620887', '123123123', '', '', '5:ผผปแผแ', '1', 'Male', '2010-07-14', '', 'noimg.jpg', '0544-01-01', '1');
INSERT INTO `student` VALUES ('3', 'โธมัส', 'มุลเลอร์', 'มุลลี่', '0834386999', '', '', '', '', '1', 'Male', '1991-07-15', '', '705360920.bmp', '0544-01-01', '1');
INSERT INTO `student` VALUES ('4', 'eegbmhdifdgff', 'eegbmhdihars', 'eegbmhd', '0812799002', '', 'weerawatnet@hotmail.com', 'eegbmhdiharsinrgclwd', '', '0', 'Female', '2002-04-23', 'eegbmhdiharsinrgclwdfsnwzoqlhgpexjzakitdmwnpnluyyx', 'student1.jpg', '0544-01-01', '1');
INSERT INTO `student` VALUES ('5', 'pxmqdwwh', 'pxmqdwwhbtyp', 'pxmqdww', '0822807827', '', '', 'pxmqdwwhbtypmjetmtat', '', '0', 'Male', '1992-09-13', 'pxmqdwwhbtypmjetmtatkthlyzmrnrlzlannyydpymdpfvycvy', 'student5.jpg', '0544-01-01', '1');
INSERT INTO `student` VALUES ('6', 'juahjbvk', 'juahjbvksnkm', 'juahjbv', '0894715934', '', '', 'juahjbvksnkmcytlhcdy', '', '0', 'Female', '1981-11-21', 'juahjbvksnkmcytlhcdyuwmrpenzbmgnvztxncnxvdtljnmhlg', 'student4.jpg', '0544-01-01', '1');
INSERT INTO `student` VALUES ('7', 'croxofto', 'croxoftojhwj', 'croxoft', '0863568812', '', '', 'croxoftojhwjsojeblge', '', '0', 'Female', '1991-05-24', 'croxoftojhwjsojeblgedarygipiphabexzhdgwesvjgmfanbo', 'student1.jpg', '0544-01-01', '1');
INSERT INTO `student` VALUES ('8', 'kjxpaltg', 'kjxpaltgvjyz', 'kjxpalt', '0860101914', '', '', 'kjxpaltgvjyzrowgpyqo', '', '0', 'Female', '2000-03-26', 'kjxpaltgvjyzrowgpyqotrupmsbtdzezlbqrrlgdroxkjhomhc', 'student4.jpg', '0544-01-01', '1');
INSERT INTO `student` VALUES ('9', 'zrxlzslx', 'zrxlzslxirlp', 'zrxlzsl', '0841182564', '', '', 'zrxlzslxirlppyyisqeo', '', '0', 'Male', '1984-07-12', 'zrxlzslxirlppyyisqeocmncpoakuwnmvkcssvfybjcxkeeyjj', 'student3.jpg', '0544-01-01', '1');
INSERT INTO `student` VALUES ('10', 'tolcfwjb', 'tolcfwjbzkym', 'tolcfwj', '0887628219', '', '', 'tolcfwjbzkymfnoamzgu', '', '0', 'Female', '1986-10-27', 'tolcfwjbzkymfnoamzgumqrigsbsjrhafiicizogybstnwsezr', 'student2.jpg', '0544-01-01', '1');
INSERT INTO `student` VALUES ('11', 'mlztlbie', 'mlztlbieqekj', 'mlztlbi', '0836661269', '', '', 'mlztlbieqekjvcdthijz', '', '0', 'Male', '1996-03-23', 'mlztlbieqekjvcdthijzvuwpxwdbxncophpmydxnvsjorogjpz', 'student2.jpg', '0544-01-01', '1');
INSERT INTO `student` VALUES ('12', 'gimkqfhi', 'gimkqfhihywg', 'gimkqfh', '0864380504', '', '', 'gimkqfhihywglstlbsme', '', '0', 'Female', '1987-07-04', 'gimkqfhihywglstlbsmefxbvobfjlixdygvwohgvskzkugupgh', 'student5.jpg', '0544-01-01', '1');
INSERT INTO `student` VALUES ('13', 'jxemcjkm', 'jxemcjkmypcr', 'jxemcjk', '0826326626', '', '', 'jxemcjkmypcrbpoepzao', '', '0', 'Female', '1987-04-05', 'jxemcjkmypcrbpoepzaorzyrtnaqkapwtpqyljjfwntbiaubks', 'student5.jpg', '0544-01-01', '1');
INSERT INTO `student` VALUES ('14', 'yvlcrpls', 'yvlcrplsfbfa', 'yvlcrpl', '0893180707', '', '', 'yvlcrplsfbfamyvudyxa', '', '0', 'Male', '2003-12-17', 'yvlcrplsfbfamyvudyxakkwdpisfqtmynkynuqpmvknmwfwfys', 'student2.jpg', '0544-01-01', '1');
INSERT INTO `student` VALUES ('15', 'akdectow', 'akdectowwslk', 'akdecto', '0841794399', '', '', 'akdectowwslkcvpmqglk', '', '0', 'Male', '1986-09-09', 'akdectowwslkcvpmqglkxmtzvunlplerittprrrvznhdlzwrdd', 'student1.jpg', '0544-01-01', '1');
INSERT INTO `student` VALUES ('16', 'uhruixnz', 'uhruixnznmxh', 'uhruixn', '0860840797', '', '', 'uhruixnznmxhslfflpop', '', '0', 'Male', '1985-08-26', 'uhruixnznmxhslfflpopgqxglzptdgzgssazhvadwexyorkxtm', 'student2.jpg', '0544-01-01', '1');
INSERT INTO `student` VALUES ('17', 'czbmtdns', 'czbmtdnszoaw', 'czbmtdn', '0815146309', '', '', 'czbmtdnszoawqlshzcya', '', '0', 'Female', '1999-07-13', 'czbmtdnszoawqlshzcyawhbxsjbfrydeywqkvalcvxlcltxwyz', 'student5.jpg', '0544-01-01', '1');
INSERT INTO `student` VALUES ('18', 'vwodzhmv', 'vwodzhmvqimu', 'vwodzhm', '0848698360', '', '', 'vwodzhmvqimugahztlbf', '', '0', 'Female', '1990-07-15', 'vwodzhmvqimugahztlbfgkfdjodoftysiuxuleuksobxpllbph', 'student4.jpg', '0544-01-01', '1');
INSERT INTO `student` VALUES ('19', 'ptcuemkz', 'ptcuemkzhcyr', 'ptcuemk', '0868038087', '', '', 'ptcuemkzhcyrwqxsovdk', '', '0', 'Male', '1986-01-16', 'ptcuemkzhcyrwqxsovdkpokkzsewtosgrtdebierpgrtsdzhfp', 'student2.jpg', '0544-01-01', '1');
INSERT INTO `student` VALUES ('20', 'iqplkqjc', 'iqplkqjcxwko', 'iqplkqj', '0871683377', '', '', 'iqplkqjcxwkomfmkiegq', '', '0', 'Female', '1997-09-08', 'iqplkqjcxwkomfmkiegqyspqqwgfhknubsjoqmnzmxiovvnnvx', 'student3.jpg', '0544-01-01', '1');
INSERT INTO `student` VALUES ('21', 'cndcpuif', 'cndcpuifoqwm', 'cndcpui', '0881626957', '', '', 'cndcpuifoqwmducddnjv', '', '0', 'Female', '1994-12-24', 'cndcpuifoqwmducddnjvivuxhbinvfiikrpygqwgipykynbtlf', 'student5.jpg', '0544-01-01', '1');
INSERT INTO `student` VALUES ('22', 'jfntbaiy', 'jfntbaiyaszb', 'jfntbai', '0828075062', '', '', 'jfntbaiyaszbbvpfratf', '', '0', 'Female', '1982-09-11', 'jfntbaiyaszbbvpfratfymxonluzjwlgrvgiuvhghimowppsqt', 'student3.jpg', '0544-01-01', '1');
INSERT INTO `student` VALUES ('23', 'jtpjxrcm', 'jtpjxrcmqtvq', 'jtpjxrc', '0894695687', '', '', 'jtpjxrcmqtvqndzbvmfa', '', '0', 'Male', '2000-11-20', 'jtpjxrcmqtvqndzbvmfakbqoccahodqldqewgmskvzzwjjtpdz', 'student4.jpg', '0544-01-01', '1');
INSERT INTO `student` VALUES ('24', '12123', 'qweqwe', '', '', '', '', '', '4:', '5', 'Male', '2010-10-03', '', 'noimg.jpg', '0544-01-01', '1');
INSERT INTO `student` VALUES ('25', 'อันนพ', 'เสี่ยวโดดดุด', 'อั๋น', '', 'กหดกหด', '', '', '4:;5:ดกเดเกดเ;6:ดเกดเกดเกดเกดเกดเ', '7', 'Male', '2010-10-03', '', 'noimg.jpg', '0544-01-01', '1');
INSERT INTO `student` VALUES ('26', '5555', '6666', '', '', '', '', '', '', '1', 'Male', '1975-10-08', '', 'noimg.jpg', '2010-10-03', '0');
INSERT INTO `student` VALUES ('27', 'testdate', '', '', '', '', '', '', '', '1', 'Male', '2010-12-20', '', 'noimg.jpg', '2010-12-20', '1');
INSERT INTO `student` VALUES ('28', 'testdate2', '', '', '', '', '', '', '', '1', 'Male', '2010-12-20', '', 'noimg.jpg', '2010-12-20', '1');
INSERT INTO `student` VALUES ('29', 'aaaa', '', '', '', '', '', '', '', '1', 'Male', '2011-02-06', 'asdfasf', 'noimg.jpg', '2011-02-06', '1');
INSERT INTO `student` VALUES ('30', 'test123', '', '', '', '', '', '', '', '1', 'Male', '2011-02-06', '', 'noimg.jpg', '2011-02-06', '1');
INSERT INTO `student` VALUES ('31', '11111', '', '', '', '', '', '', '', '1', 'Male', '2011-02-06', '', 'noimg.jpg', '2011-02-06', '1');
INSERT INTO `student` VALUES ('32', '111', '', '', '', '111', '', '', '', '1', 'Male', '2011-02-07', '', 'noimg.jpg', '2011-02-07', '1');
INSERT INTO `student` VALUES ('33', '111', '', '', '', '222', '', '', '', '1', 'Male', '2011-02-07', '', 'noimg.jpg', '2011-02-07', '1');
INSERT INTO `student` VALUES ('34', '111', '', '', '', '', '', '', '', '1', 'Male', '2011-02-07', '', 'noimg.jpg', '2011-02-07', '1');
INSERT INTO `student` VALUES ('35', '111', '', '', '', '333', '', '', '', '1', 'Male', '2011-02-07', '', 'noimg.jpg', '2011-02-07', '1');

-- ----------------------------
-- Table structure for `teacher`
-- ----------------------------
DROP TABLE IF EXISTS `teacher`;
CREATE TABLE `teacher` (
  `teacher_id` int(10) unsigned NOT NULL AUTO_INCREMENT,
  `firstname` varchar(50) NOT NULL,
  `surname` varchar(50) NOT NULL,
  `tel` varchar(30) DEFAULT '',
  `citizen_id` varchar(20) NOT NULL DEFAULT '',
  `email` varchar(100) DEFAULT '',
  `sex` varchar(6) NOT NULL,
  `birthday` date DEFAULT NULL,
  `addr` varchar(100) DEFAULT '''-''',
  `image` varchar(50) DEFAULT NULL,
  `subject` varchar(100) DEFAULT NULL,
  `is_active` int(4) NOT NULL DEFAULT '1',
  PRIMARY KEY (`teacher_id`)
) ENGINE=InnoDB AUTO_INCREMENT=34 DEFAULT CHARSET=tis620;

-- ----------------------------
-- Records of teacher
-- ----------------------------
INSERT INTO `teacher` VALUES ('1', 'บัณฑิตย์', 'ฝอยทอง', '0816342179', 'asdasfdsf', '', 'Male', '1984-10-17', '', '1572068825.jpg', '', '1');
INSERT INTO `teacher` VALUES ('2', 'ไมตรี', 'ศรีทองแท้', '0890893538', '3110101222564', '', 'Male', '2010-07-12', '', 'noimg.jpg', '', '1');
INSERT INTO `teacher` VALUES ('3', 'วัฒนา', 'พันธุ์พืช', '0819120092', '', 'wattaxol@hotmail.com', 'Male', '2010-07-12', '', 'noimg.jpg', '', '1');
INSERT INTO `teacher` VALUES ('4', 'อติพร', 'เทิดโยธิน', '0818470200', '', '', 'Female', '2010-07-12', '', 'noimg.jpg', '', '1');
INSERT INTO `teacher` VALUES ('5', 'มนอธิป', 'จันทะสา', '0891433554', '', 'siewlenngneung@hotmail.com', 'Male', '2010-07-12', '', 'noimg.jpg', '', '1');
INSERT INTO `teacher` VALUES ('6', 'ระริน', 'บูรพาเดชะ', '0850638393', '', 'parey62@hotmail.com', 'Female', '2010-07-12', '', 'noimg.jpg', '', '1');
INSERT INTO `teacher` VALUES ('7', 'สิรินทร์ญาดา', 'พระตระกูลเสรี', '0832933341', '', '', 'Female', '2010-07-12', '', 'noimg.jpg', '', '1');
INSERT INTO `teacher` VALUES ('8', 'วันชนะ', 'หมั่นงาน', '0814090347', '', 'cuekkoo_m@hotmail.com', 'Male', '2010-07-12', '', 'noimg.jpg', '', '1');
INSERT INTO `teacher` VALUES ('9', 'ชลธิชา', 'กาเผือก', '0899269661', '', '', 'Female', '2010-07-12', '', 'noimg.jpg', '', '1');
INSERT INTO `teacher` VALUES ('10', 'จิตติวัฒน์', 'ทองนวล', '0856610701', '', '', 'Male', '2010-07-12', '', 'noimg.jpg', '', '1');
INSERT INTO `teacher` VALUES ('11', 'พีรภัทร', 'ฝอยทอง', '0899690707', '', '', 'Male', '2010-07-12', '', 'noimg.jpg', '', '1');
INSERT INTO `teacher` VALUES ('12', 'ศตเนติ', 'เนติภัทรชูโชติ', '0856610703', '', '', 'Male', '2010-07-12', '', 'noimg.jpg', '', '1');
INSERT INTO `teacher` VALUES ('13', 'สิงหพล', 'พลสิงห์', '0863089194', '', '', 'Male', '2010-07-12', '', 'noimg.jpg', '', '1');
INSERT INTO `teacher` VALUES ('14', 'พิเชฐ', 'ด่านไทยนำ', '', '', '', 'Male', '2010-07-12', '', 'noimg.jpg', '', '1');
INSERT INTO `teacher` VALUES ('15', 'ณัฐกาญจน์', 'สืบพงศ์เภา', '', '', '', 'Female', '2010-07-12', '', 'noimg.jpg', '', '1');
INSERT INTO `teacher` VALUES ('16', 'รุจา', 'อดิศรกาญจน์', '0870873044', '', '', 'Female', '2010-07-12', '', 'noimg.jpg', '', '1');
INSERT INTO `teacher` VALUES ('17', 'กิตติพงษ์', 'เติมวัฒนาภักดี', '', '', '', 'Male', '2010-07-12', '', 'noimg.jpg', '', '1');
INSERT INTO `teacher` VALUES ('18', 'ณิชนันทน์', 'ทิพย์พาณิชย์', '0851470896', '', '', 'Female', '2010-07-12', '', 'noimg.jpg', '', '1');
INSERT INTO `teacher` VALUES ('19', 'พรชนก', 'โสภณพาริชย์', '', '', '', 'Male', '2010-07-12', '', 'noimg.jpg', '', '1');
INSERT INTO `teacher` VALUES ('20', 'สุกฤษ', 'ตันติสุวิทย์กุล', '', '', '', 'Male', '2010-07-12', '', 'noimg.jpg', '', '1');
INSERT INTO `teacher` VALUES ('21', 'ชินวุฒิ', 'เศรษฐวัฒน์', '0892478993', '', '', 'Male', '2010-07-12', '', 'noimg.jpg', '', '1');
INSERT INTO `teacher` VALUES ('22', 'จิรารักษ์', 'ถิรเศรษฐ์', '', '', '', 'Female', '2010-07-12', '', 'noimg.jpg', '', '1');
INSERT INTO `teacher` VALUES ('23', 'วุฒิพล', 'สินธุนาวารัตน์', '0860258169', '', 'poom_teun@hotmail.com', 'Male', '2010-07-12', '', 'noimg.jpg', '', '1');
INSERT INTO `teacher` VALUES ('24', 'โกรบ', 'มุทาพร', '0899277178', '', 'daddy_7484@hotmail.com', 'Male', '2010-07-12', '', 'noimg.jpg', '', '1');
INSERT INTO `teacher` VALUES ('25', 'เขมชาติ', 'วรรณประยา', '0805877800', '', 'wkemmachat@gmail.com', 'Male', '2010-07-12', '', 'noimg.jpg', '', '1');
INSERT INTO `teacher` VALUES ('26', 'พูนทวี', 'แซ่เตีย', '0892141785', '', 'psaetear@gmail.com', 'Male', '2010-07-12', '', 'noimg.jpg', '', '1');
INSERT INTO `teacher` VALUES ('27', 'ครูเอิร์ธ', '', '0818184363', '', '', 'Male', '2010-07-12', '', 'noimg.jpg', '', '1');
INSERT INTO `teacher` VALUES ('28', 'สิทธิโชค', 'ชีวะวัฒน์ชัย', '0875166946', '', 'sittichoke@yahoo.com', 'Male', '2010-07-12', '', 'noimg.jpg', '', '1');
INSERT INTO `teacher` VALUES ('29', 'วิลาสินี', 'ไทยประสานทรัพย์', '0891433554', '', 'zargoo_fai@hotmail.com', 'Female', '2010-07-12', '', 'noimg.jpg', '', '1');
INSERT INTO `teacher` VALUES ('30', 'เศรณี', 'ตรีรัตนพันธ์', '0877001151', '', 'bigky_7@hotmail.com', 'Male', '2010-07-12', '', 'noimg.jpg', '', '1');
INSERT INTO `teacher` VALUES ('31', 'ปารณีย์', 'พิหเคนทร์', '0854870257', '', 'cheerjung@hotmail.com', 'Female', '2010-07-12', '', 'noimg.jpg', '', '1');
INSERT INTO `teacher` VALUES ('32', 'ณัฏฐ์ภัสสร', 'เหรียญทอง', '0897707477', '', 'kru_belle@hotmail.com', 'Female', '2010-07-12', '', 'noimg.jpg', '', '1');
INSERT INTO `teacher` VALUES ('33', 'ทดสอบ', '', '', '', '', 'Male', '2010-10-03', '', 'noimg.jpg', '', '0');

-- ----------------------------
-- Table structure for `test`
-- ----------------------------
DROP TABLE IF EXISTS `test`;
CREATE TABLE `test` (
  `firstname` varchar(50) CHARACTER SET utf8 DEFAULT NULL
) ENGINE=InnoDB DEFAULT CHARSET=latin1;

-- ----------------------------
-- Records of test
-- ----------------------------
INSERT INTO `test` VALUES ('ดเกดเก');

-- ----------------------------
-- Table structure for `user`
-- ----------------------------
DROP TABLE IF EXISTS `user`;
CREATE TABLE `user` (
  `username` varchar(50) CHARACTER SET latin1 NOT NULL,
  `passwd` varchar(255) CHARACTER SET latin1 NOT NULL,
  `role_id` int(10) unsigned DEFAULT NULL,
  `firstname` varchar(50) DEFAULT NULL,
  `surname` varchar(50) DEFAULT NULL,
  `is_valid` int(4) unsigned NOT NULL DEFAULT '1',
  `branch_id` int(10) unsigned NOT NULL DEFAULT '1',
  PRIMARY KEY (`username`),
  KEY `FK_user_role_id` (`role_id`),
  CONSTRAINT `FK_user_role_id` FOREIGN KEY (`role_id`) REFERENCES `role` (`role_id`)
) ENGINE=InnoDB DEFAULT CHARSET=tis620;

-- ----------------------------
-- Records of user
-- ----------------------------
INSERT INTO `user` VALUES ('front', 'cc03e747a6afbbcbf8be7668acfebee5', '3', 'Front', 'Staff', '1', '1');
INSERT INTO `user` VALUES ('front2', 'cc03e747a6afbbcbf8be7668acfebee5', '3', 'Front2', 'Staff2', '1', '2');
INSERT INTO `user` VALUES ('kizze', 'cc03e747a6afbbcbf8be7668acfebee5', '2', 'Kittipong', 'test123', '1', '1');
INSERT INTO `user` VALUES ('netta', 'cc03e747a6afbbcbf8be7668acfebee5', '1', 'Weerawat', 'Seetalalai', '1', '1');
